brand,product_name,status,price_ars_str,price_ars_alt_str,price_cents,price_cents_alt,source_page
CORAL,AZÚCAR DE MASCABO CORAL BOLSA 500 gr,OK,"2.700,00",,270000,,1
DEWEY,AZúCAR RUBIO DEWEY BOLSA 1 KG,OK,"2.400,00",,240000,,1
DEWEY,AZúCAR NEGRA DEWEY BOLSA 1 KG,OK,"16.500,00",,1650000,,1
DEWEY,AZÚCAR IMPALPABLE HOLRAY BOLSA 10 KG,OK,"16.500,00",,1650000,,1
DEWEY,AZúCAR NEGRA DEWEY BOLSA 10 KG,OK,"3.400,00",,340000,,1
DEWEY,AZúCAR IMPALPABLE TALCO BOLSA 1 KG,SIN_PRECIO,,,,,1
DEWEY,AZÚCAR IMPALPABLE TAMIZADA BOLSA 1 KG,OK,"12.000,00",,1200000,,1
DEWEY,AZúCAR NEGRA DEWEY BOLSA 1 KB,OK,"13.400,00",,1340000,,1
EMETH,AZÚCAR IMPALPABLE EMETH BOLSA 10 KG,SIN_STOCK,,,,,1
EMETH,AZúCAR NEGRA EMETH BOLSA 10 KG,OK,"12.500,00",,1250000,,1
FUSAZ,AZÚCAR IMPALPABLE FUGAZ BOLSA 10 KG,OK,"12.500,00",,1250000,,1
FUSAZ,AZÚCAR NEGRA FUGAZ BOLSA 10 KG,OK,"8.500,00",,850000,,1
FUSAZ,AZÚCAR FUGAZ BOLSA 10 KG,OK,"36.000,00",,3600000,,1
LEDESMA,AZúCAR LEDESMA BOLSA 25 KG,SIN_PRECIO,,,,,1
TAXONERA,AZÚCAR GRANULADO TAXONERA CAJA 5 KG,SIN_STOCK,,,,,1
DÁNICA,DANASWEET BALDE 14 KG,OK,"16.500,00",,1650000,,1
EMETH,PULPA EMETH SABOR DAMASCO BALDE 10 KG,SIN_STOCK,,,,,1
GEL BRIX,JALEA EN FRI0 GELBRIX FRUTILLA BALDE 4.4 KG,OK,"26.600,00",,2660000,,1
GHELCO,JALEFIX 710/1 NEUTRO LATA 5 KG,SIN_STOCK,,,,,1
GHELCO,JALEFIX 711/1 FRUTILLA LATA 5 KG,OK,"24.000,00",,2400000,,1
LEDEVIT,GEL DE BRILLO LEDEVIT FRUTILLA BALDE 4.4 KS,OK,"25.000,00",,2500000,,1
LEDEVIT,GEL DE BRILLO LEDEVIT NEUTRO BALDE 4.4 KG,SIN_PRECIO,,,,,1
LEDEVIT,GEL DE BRILLO LEDEVIT NEUTRO POTE 310 G,OK,"27.500,00",,2750000,,1
RICHS,PULPA RELLENO DE FRUTILLA RICHS CAJA POUCH (PRECIO MAS IVA),OK,"30.000,00",,3000000,,1
RICHS,PULPA RELLENO DE FRUTOS ROJOS RICHS CAJA POUCH (PRECIO MAS IVA),OK,"8.500,00",,850000,,1
RICHS,PULPA RELLENO DE FRUTOS ROJOS RICHS POUCH,OK,"27.500,00",,2750000,,1
RICHS,PULPA RELLENO DE MARACUYÅ RICHS CAJA POUCH (PRECIO MAS IVA),OK,"8.500,00",,850000,,1
RICHS,PULPA RELLENO DE MARACUYÅ RICHS POUCH,OK,"48.000,00",,4800000,,1
TAXONERA,PULPALIST C BALDE 14 Kg,OK,"24.000,00",,2400000,,1
TAXONERA,PULPALIST CRISTAL NEUTRO BALDE 5 KG,SIN_PRECIO,,,,,1
DEWEY,JARABE DE GLUCOSA DEWEY BALDE 5.6 KB,SIN_PRECIO,,,,,1
DEWEY,JARABE DE GLUCOSA DEWEY POTE 180 G,OK,"16.700,00",,1670000,,1
EMETH,JARABE DE GLUCOSA EMETH BALDE 6 KG,OK,"23.100,00",,2310000,,1
EL TALAR,MIEL EL TALAR BALDE 5.5 KG,OK,"5.000,00",,500000,,1
EMETH,CARAMELO LÍQUIDO EMETH BOTELLA 1.25 KG,SIN_PRECIO,,,,,1
EMETH,CARAMELO LÍQUIDO EMETH BOTELLA 450 G,OK,"11.900,00",,1190000,,1
CHOCOLATE COLONIAL,BAÑ0 MOLDATTE BLANCO BOLSA 1 KG,OK,"11.900,00",,1190000,,1
CHOCOLATE COLONIAL,BAÑ0 MOLDATTE CON LECHE BOLSA 1 KS,OK,"11.900,00",,1190000,,1
CHOCOLATE COLONIAL,BAÑ0 MOLDATTE SEMIAMARGO BOLSA 1 KG,OK,"3.900,00",,390000,,1
CHOCOLATE COLONIAL,BAÑO MOLDATTE SEMIAMARGO BOLSA 500 G,OK,"118.000,00",,11800000,,1
CHOCOLATE COLONIAL,BAÑO MOLDATTE SEMIAMARGO BOLSA 20 KG,OK,"123.000,00",,12300000,,1
CHOCOLATE COLONIAL,BAÑO MOLDATTE BLANCO BOLSA 20 KG,OK,"92.000,00",,9200000,,1
CHOCOLATE COLONIAL,BAÑO MOLDATTE BLANCO BOLSA 10 KG,OK,"4.600,00",,460000,,1
CHOCOLATES INDUSTRIALES,CHOCOLART BLANCO (CÓD. PABA) BOLSA 500G,OK,"4.600,00",,460000,,1
CHOCOLATES INDUSTRIALES,CHOCOLART CON LECHE (CÓD. PALE) BOLSA 500G,OK,"4.600,00",,460000,,1
CHOCOLATES INDUSTRIALES,CHOCOLART SEMIAMARSO (CÓD. PASA) BOLSA 500G,OK,"3.800,00",,380000,,1
LODISER,BLANCO (CÓD. BAM03A) ALPINO TABLETA 500 G,OK,"3.800,00",,380000,,1
LODISER,CON LECHE (CÓD. BAM02A) ALPINO TABLETA 500 G,OK,"3.800,00",,380000,,1
LODISER,FRUTILLA (CÓD. BAM14) ALPINO TABLETA 500 G,OK,"22.800,00",,2280000,,1
LODISER,SEMIAMARGO (CÓD. BAM01A) ALPINO CAJA 3 KG,OK,"3.800,00",,380000,,1
LODISER,SEMIAMARGO (CÓD. BAM01A) ALPINO TABLETA 500 G,OK,"42.000,00",,4200000,,1
LODISER,CHIPS SEMIAMARGO (CÓD. CHIP01A) ALPINO CAJA 6 KG,OK,"7.000,00",,700000,,1
LODISER,CHIPS SEMIAMARGO (CÓD. CHIP01A) ALPINO BOLSA 1 KG,OK,"27.200,00",,2720000,,1
LODISER,PINS BLANCOS (CÓD. BAM03P) ALPINO CAJA 6 KG,OK,"9.800,00",,980000,,1
LODISER,PINS BLANCOS (CÓD. BAM03P) ALPINO BOLSA 1KG,OK,"58.800,00",,5880000,,1
LODISER,PINS CON LECHE (CÓD. BAM02P) ALPINO CAJA 6 KG,OK,"9.800,00",,980000,,1
LODISER,PINS CON LECHE (CÓD. BAM03P) ALPINO BOLSA 1KG,OK,"58.800,00",,5880000,,1
LODISER,PINS SEMIAMARGOS (CÓD. BAM01P) ALPINO CAJA 6 KG,OK,"9.800,00",,980000,,1
LODISER,PINS SEMIAMARGOS (CÓD. BAM03P) ALPINO BOLSA 1KG,OK,"32.000,00",,3200000,,1
CHOCOLATES INDUSTRIALES,BLANCO ESPECIAL (CÓD. EMEB) CAJA 5 KG,SIN_PRECIO,,,,,1
CHOCOLATES INDUSTRIALES,SEMIAMARGO SABOR ALFAJOR (CÓD. EMJO) CAJA 5 KG,OK,"44.500,00",,4450000,,2
GHELCO,BAÑ0 BLANCO 36.00/6 BLISTER 5 KG,OK,"8.900,00",,890000,,2
GHELCO,BAÑ0 BLANCO 36.00/6 CILINDRO 1 UN,OK,"44.500,00",,4450000,,2
GHELCO,BAÑ0 CACAO DULCE 34.70/6 BLISTER 5 KG,OK,"8.900,00",,890000,,2
GHELCO,BAÑ0 CACAO DULCE 34.70/6 CILINDRO 1 UN,SIN_STOCK,,,,,2
LODISER,BAÑ0 BLANCO (CÓD. BAR03P) ALPINO CAJA 6 KG,OK,"62.000,00",,6200000,,2
LODISER,BAÑ0 SEMIAMARGO (CÓD. BAR01P) ALPINO CAJA 6 KG,SIN_STOCK,,,,,2
LODISER,BAÑ0 SEMIAMARGO (CÓD. BAR01P) ALPINO 6 paquetes x 1KG,OK,"7.500,00",,750000,,2
LODISER,CHIPS SEMIAMARGOS (CÓD. GOT1 J) ALPINO BOLSA 1 KG,OK,"33.000,00",,3300000,,2
MAPSA,BAÑ0 BLANCO BOMBONITOS CAJA 3 X 1 KG,OK,"11.000,00",,1100000,,2
MAPSA,BAÑ0 BLANCO BOMBONITOS BOLSA 1 KG,OK,"33.000,00",,3300000,,2
MAPSA,BAÑ0 NEGRO BOMBONITOS CAJA 3 X 1 KG,OK,"11.000,00",,1100000,,2
MAPSA,BAñ0 NEGRO BOMBONITOS BOLSA 1 KG,OK,"36.000,00",,3600000,,2
MAPSA,BAÑO DE REPOSTERIA BLANCO MAPSA CAJA 5 KG,OK,"24.800,00",,2480000,,2
EMETH,CACAO EN POLVO AMARGO EMETH BOLSA 1 KG,OK,"20.000,00",,2000000,,2
VARIOS,CACAO EN POLVO ALCALINO FRACCIONADO POR Kg,OK,"20.000,00",,2000000,,2
VARIOS,CACAO EN POLVO BARRY FRACCIONADO POR KG,OK,"20.000,00",,2000000,,2
ÁGUILA,ÁGUILA TABLETEADO BLANCO (CÓD. 9979) CAJA 5 KG,OK,"112.000,00",,11200000,,2
ÁGUILA,ÁGUILA TABLETEADO SEMIAMARGO (CÓD. 9985) CAJA 5 KG,SIN_STOCK,,,,,2
PICOS DEL SUR,CHOCOLATE DE COBERTURA PICOS DEL SUR (CÓD. 9419) A GRANEL CON LECHE CAJA 5 KG,SIN_STOCK,,,,,2
PICOS DEL SUR,CHOCOLATE DE COBERTURA PICOS DEL SUR (CÓD. 9420) A GRANEL BLANCO CAJA 5 KG,SIN_STOCK,,,,,2
PICOS DEL SUR,CHOCOLATE DE COBERTURA PICOS DEL SUR (CÓD. 9427) A GRANEL SEMI AMARGO CAJA 5 KG,OK,"190.000,00",,19000000,,2
ROCKLETS,CONFITES ROCKLETS CAJA 10 KG,OK,"171.000,00",,17100000,,2
ROCKLETS,MINI CONFITES ROCKLETS CAJA 9 KG,OK,"19.000,00",,1900000,,2
ROCKLETS,CONFITES ROCKLETS 1 KG,OK,"19.000,00",,1900000,,2
ROCKLETS,MINI CONFITES ROCKLETS 1 KG,OK,"31.000,00",,3100000,,2
FILECHOC,FILECHOC BLANCO BALDE 3 KG,OK,"31.000,00",,3100000,,2
FILECHOC,FILECHOC SEMIAMARGO BALDE 3 KG,OK,"24.000,00",,2400000,,2
MAPSA,MICROGOTAS MAPSA CHOCOLATE SEMIAMARGO CAJA 3 KG,OK,"24.000,00",,2400000,,2
MAPSA,MICROGOTAS MAPSA CHOCOLATE BLANCO CAJA 3 KG,OK,"9.800,00",,980000,,2
DEWEY,COLAROMA DEWEY CAFÉ SENSACIONES BIDÓN 1 L,OK,"9.800,00",,980000,,2
DEWEY,COLAROMA DEWEY LIMÓN SENSACIONES BIDÓN 1 L,OK,"9.800,00",,980000,,2
DEWEY,COLAROMA DEWEY MANTECA SENSACIONES POTE 1 L,OK,"9.800,00",,980000,,2
DEWEY,COLAROMA DEWEY CHOCOLATE SENSACIONES POTE 1 L,OK,"9.800,00",,980000,,2
DEWEY,COLAROMA DEWEY NARANJA SENSACIONES BIDÓN 1 L,SIN_STOCK,,,,,2
DEWEY,COLAROMA DEWEY VAINILLA BIDÓN 1 L,OK,"9.800,00",,980000,,2
DEWEY,COLAROMA DEWEY FRUTILLA SENSACIONES BIDÓN 1 L,OK,"10.800,00",,1080000,,2
EMETH,ESENCIA EMETH AROMA M BIDÓN 5 L,OK,"5.400,00",,540000,,2
EMETH,ESENCIA EMETH AROMA M BIDÓN 2 L,OK,"5.800,00",,580000,,2
EMETH,ESENCIA EMETH VAINILLA BIDÓN 5 L,OK,"3.500,00",,350000,,2
EMETH,ESENCIA EMETH VAINILLA BIDÓN 2 L,OK,"4.600,00",,460000,,2
EMETH,ESENCIA EMETH AMARILLO BIDÓN 2 L,OK,"4.800,00",,480000,,2
EMETH,ESENCIA EMETH LIMÓN BIDÓN 2 L,OK,"5.100,00",,510000,,2
EMETH,ESENCIA EMETH ALMENDRA BIDÓN 1 L,OK,"5.600,00",,560000,,2
EMETH,ESENCIA EMETH AZAHAR BIDÓN 1 L,SIN_STOCK,,,,,2
EMETH,ESENCIA EMETH BUDÍN BIDÓN 1 L,OK,"5.000,00",,500000,,2
EMETH,ESENCIA EMETH COCO BIDÓN 1 L,OK,"10.000,00",,1000000,,2
EMETH,ESENCIA EMETH NARANJA BIDÓN 1 L,OK,"5.100,00",,510000,,2
EMETH,ESENCIA EMETH PAN DULCE BIDÓN 1 L,OK,"10.200,00",,1020000,,2
EMETH,ESENCIA EMETH QUESO BIDÓN 1 L,OK,"3.300,00",,330000,,2
FLEIBOR,ESENCIA FLEIBOR VAINILLA POTE 1 L,CONSULTAR,,,,,2
FLEIBOR,ESENCIA FLEIBOR VAINILLA BOTELLA 110 ML,CONSULTAR,,,,,2
FLEIBOR,ESENCIA FLEIBOR AGUA DE AZAHAR BOTELLA 30 ML,CONSULTAR,,,,,2
FLEIBOR,ESENCIA FLEIBOR ALMENDRAS AMARGAS BOTELLA 30 ML,CONSULTAR,,,,,2
FLEIBOR,ESENCIA FLEIBOR LIMÓN BOTELLA 30 ML,CONSULTAR,,,,,2
FLEIBOR,ESENCIA FLEIBOR BANANA BOTELLA 30 ML,CONSULTAR,,,,,2
FLEIBOR,ESENCIA FLEIBOR FRUTILLA BOTELLA 30 ML,CONSULTAR,,,,,2
FLEIBOR,ESENCIA FLEIBOR LIMÓN BOTELLA 30 ML,CONSULTAR,,,,,2
FLEIBOR,ESENCIA FLEIBOR MARRÓN BOTELLA 30 ML,CONSULTAR,,,,,2
FLEIBOR,ESENCIA FLEIBOR NARANJA BOTELLA 30 ML,CONSULTAR,,,,,2
FLEIBOR,ESENCIA FLEIBOR MENTA BOTELLA 30 ML,CONSULTAR,,,,,2
FLEIBOR,ESENCIA FLEIBOR PAN DULCE (SOLUCION) BOTELLA 30 ML,CONSULTAR,,,,,2
FLEIBOR,ESENCIA FLEIBOR QUESO BOTELLA 30 ML,CONSULTAR,,,,,2
DRIPCOLOR,COLOR Y SABOR ARCOIRIS (COLOR AMARILLO SABOR VAINILLA) COLORMIX POTE 80 G,CONSULTAR,,,,,2
DRIPCOLOR,COLOR Y SABOR ARCOIRIS (COLOR AZUL SABOR VAINILLA) COLORMIX POTE 80 G,CONSULTAR,,,,,2
DRIPCOLOR,COLOR Y SABOR ARCOIRIS (COLOR R0J0 SABOR VAINILLA) COLORMIX POTE 80 S,CONSULTAR,,,,,2
DRIPCOLOR,COLOR Y SABOR ARCOIRIS (COLOR VERDE SABOR VAINILLA) COLORMIX POTE 80 G,CONSULTAR,,,,,2
DRIPCOLOR,COLOR Y SABOR BANANA COLORMIX POTE 80 G,CONSULTAR,,,,,2
DRIPCOLOR,COLOR Y SABOR LIMÓN COLORMIX POTE 80 G,SIN_PRECIO,,,,,2
DRIPCOLOR,COLOR Y SABOR NUEZ COLORMIX POTE 80 G,CONSULTAR,,,,,3
DRIPCOLOR,COLOR Y SABOR PISTACHO COLORMIX POTE 80 G,CONSULTAR,,,,,3
DRIPCOLOR,COLOR Y SABOR KIT ARCOIRIS (6 COLORES SABOR VAINILLA) COLORMIX POTE 90 G,CONSULTAR,,,,,3
DRIPCOLOR,COLOR Y SABOR PARMESANO COLORMIX POTE 60 G,OK,"4.900,00",,490000,,3
DRIPCOLOR,COLOR Y SABOR RED VELVET COLORMIX POTE 60 G,SIN_STOCK,,,,,3
WILTON,COLORANTE EN AEROSOL WILTON DORADO 42 G 1 UN,SIN_STOCK,,,,,3
WILTON,COLORANTE EN AEROSOL WILTON NEGRO 42 G 1 UN,SIN_STOCK,,,,,3
WILTON,COLORANTE EN AEROSOL WILTON PERLA 42 G 1 UN,SIN_STOCK,,,,,3
WILTON,COLORANTE EN AEROSOL WILTON PLATEADO 42 G 1 UN,OK,"1.800,00",,180000,,3
BLOCH,COLORANTE BLOCH AZUL MARINO POTE 15 G,OK,"1.800,00",,180000,,3
BLOCH,COLORANTE BLOCH R0J0 POTE 15 S,OK,"1.800,00",,180000,,3
BLOCH,COLORANTE BLOCH NEGRO POTE 15 S,OK,"1.800,00",,180000,,3
FLEIBOR,COLORANTE EN PASTA FLEIBOR COLORES VARIOS POTE 15 G,CONSULTAR,,,,,3
DRIPCOLOR,COLORANTE DUST COLOR (COLORES VARIOS) FRASCO 10 ML,OK,"4.600,00",,460000,,3
FLEIBOR,COLORANTE LIPOSOLUBLE FLEIBOR FULGORADO COLORES VARIOS POTE 3 S,CONSULTAR,,,,,3
FLEIBOR,COLORANTE LIPOSOLUBLE FLEIBOR COLORES VARIOS POTE 5 S,CONSULTAR,,,,,3
FLEIBOR,COLORANTE FLEIBOR ILUMINADOR DORADO POTE 2 G,CONSULTAR,,,,,3
FLEIBOR,COLORANTE FLEIBOR ILUMINADOR NACARADO POTE 2 G,CONSULTAR,,,,,3
LAUACU,COLORANTE LAUACU COLORES VARIOS POTE 4 G,CONSULTAR,,,,,3
SUNFLOWER SUGAR ART,COLORANTE SUNFLOWER SUGAR ART DORADOS VARIOS POTE 4 G,CONSULTAR,,,,,3
SUNFLOWER SUGAR ART,COLORANTE SUNFLOWER SUGAR ART PLATEADO NU SILVER POTE 4 G,CONSULTAR,,,,,3
WILTON,COLORANTE WILTON NACARADO PEARL DUST BLANCO POTE 3 S,CONSULTAR,,,,,3
BLOCH,COLORANTE BLOCH DORADO FRASCO 10 G,CONSULTAR,,,,,3
EDIBLEART,COLORANTE EDIBLEART COLORES VARIOS FRASCO 15 ML,OK,"10.400,00",,1040000,,3
EMETH,COLORANTE EMETH LÍQUIDO CARAMELO BIDÓN 5 L,OK,"4.000,00",,400000,,3
EMETH,COLORANTE EMETH LÍQUIDO CARAMELO BIDÓN 1 L,OK,"3.700,00",,370000,,3
EMETH,"COLORANTE EMETH AMARILLO ""S"" BIDÓN 2 L",OK,"15.000,00",,1500000,,3
VILLARES,CEBOLLA DESHIDRATADA EN ESCAMAS BOLSA 1 KG,OK,"10.500,00",,1050000,,3
DOBLE VÍA,SAL ENTREFINA BOLSA 25 KG,OK,"12.000,00",,1200000,,3
DOBLE VÍA,SAL FINA BOLSA 25 KG,OK,"9.000,00",,900000,,3
ROCASUR,ORÉGANO BOLSA 1 KG,OK,"10.000,00",,1000000,,3
ROCASUR,PROVENZAL BOLSA 1 KG,OK,"9.000,00",,900000,,3
VARIOS,ADOBO PARA PIZZA BOLSA 1 KG,OK,"15.000,00",,1500000,,3
VARIOS,CANELA MOLIDA BOLSA 1 KG,OK,"17.500,00",,1750000,,3
VILLARES,PIMENTÓN AHUMADO EL PEONCITO BOLSA 1 KG,OK,"14.000,00",,1400000,,3
EL PEONCITO,MIX DE SEMILLAS EL PEONCITO BOLSA 1 KG,OK,"4.500,00",,450000,,3
VARIOS,MIX DE SEMILLAS BOLSA 1 KG,OK,"12.000,00",,1200000,,3
EL PEONCITO,SEMILLAS DE AMAPOLA BOLSA 1KG,OK,"11.000,00",,1100000,,3
VARIOS,SEMILLAS DE ANÍS EN GRANO BOLSA 1 KG,OK,"3.000,00",,300000,,3
VARIOS,SEMILLAS DE GIRASOL PELADO BOLSA 1 KG,OK,"3.000,00",,300000,,3
VARIOS,SEMILLAS DE LIN0 CLASIFICADO BOLSA 1 KG,OK,"8.500,00",,850000,,3
VARIOS,SEMILLAS DE SÉSAMO BLANCO BOLSA 1 KS,OK,"4.500,00",,450000,,3
VARIOS,SEMILLAS DE SÉSAMO INTEGRAL BOLSA 1 KG,SIN_PRECIO,,,,,3
VARIOS,SEMILLAS DE LIN0 CLASIFICADO BOLSA 5 KG,OK,"4.900,00",,490000,,3
MILLARES,SEMILLAS DE CHÍA VILLARES BOLSA 1 KG,OK,"8.000,00",,800000,,3
ORESTES,SALSA DE TOMATE ORESTES BIDÓN 10 KG,OK,"18.000,00",,1800000,,3
EMETH,GUINDELAS ROJAS BALDE 5 KG,OK,"18.000,00",,1800000,,3
EMETH,GUINDELAS VERDES BALDE 5 KG,SIN_PRECIO,,,,,3
ORIETA,FRUTA ESCURRIDA ORIETA CAJA 10 KG,OK,"60.000,00",,6000000,,3
TAXONERA,CÁSCARA DE NARANJA EN TIRA CONFITADA CAJA 10 KG,OK,"40.000,00",,4000000,,3
TAXONERA,FRUTA ESCURRIDA TAXONERA CAJA 10 KG,SIN_PRECIO,,,,,3
VARIOS,NARANJA EN TIRA GLACEADA CAJA 2 KG,OK,"56.000,00",,5600000,,3
TAXONERA,NARANJA EN TIRA GLACEADA CAJA 10 KG,OK,"150.000,00",,15000000,,3
LODISER,C0C0 RALLADO FIN0 BOLSA 25 KG,OK,"6.000,00",,600000,,3
LODISER,C0C0 RALLADO FIN0 FRACCIONADO POR KG,OK,"70.000,00",,7000000,,3
GOLDEN SEEDLESS RAISINS,PASAS DE UVA RUBIAS SEMILLA SULTANINAS CAJA 12.5 KG,SIN_PRECIO,,,,,3
GOLDEN SEEDLESS RAISINS,PASAS DE UVA RUBIAS SEMILLA SULTANINAS FRACCIONADO POR 1 KG,OK,"65.000,00",,6500000,,3
VARIOS,PASAS DE UVA SEMILLA JUMBO 1 KG,OK,"53.000,00",,5300000,,3
VARIOS,PASAS DE UVA SEMILLA JUMBO 1 KG economicas,,,,,,3
VARIOS,PASAS DE UVA SEMILLA SULTANINA CAJA 12.5 KG,SIN_PRECIO,,,,,4
FRUTAS DE CURICÓ,KIWIS CONFITADOS EN ALMÍBAR EN RODAJAS FRUTAS CURICÓ LATA 3.1 KG,OK,"28.000,00",,2800000,,4
CURICO,CEREZAS EN ALMÍBAR CURICO LATA 3.25 KG,OK,"21.000,00",,2100000,,4
SIETE LAGOS,CEREZAS EN ALMÍBAR AL MARRASCHINO SIETE LAGOS LATA 3.1 KS,OK,"41.140,00",,4114000,,4
VARIOS,CEREZAS CON CABO LATA 3.1 KG,OK,"18.000,00",,1800000,,4
TAXONERA,HIGOS EN ALMÍBAR PARA REPOSTERÍATAXONERA LATA 3.1 KG,OK,"22.000,00",,2200000,,4
VARIOS,ALMENDRAS ENTERAS FRACCIONADO POR KG,OK,"23.000,00",,2300000,,4
VILLARES,ALMENDRAS MEDIANAS FRACCIONADO POR KG,OK,"18.500,00",,1850000,,4
VARIOS,AVELLANAS PELADAS FRACCIONADO POR KG,OK,"11.600,00",,1160000,,4
VARIOS,CASTAÑAS DE CAJÚ PARTIDAS A GRANEL FRACCIONADO POR KG,OK,"19.300,00","14.900,00",1930000,1490000,4
VARIOS,NUECES MARIPOSA BLANCA EXTRALIGHT CAJA 2 X 5 KB,OK,"103.000,00",,10300000,,4
VARIOS,NUECES MARIPOSA BLANCA EXTRALIGHT BOLSA 5 KG,OK,"20.600,00","17.000,00",2060000,1700000,4
VARIOS,NUECES MARIPOSA BLANCA EXTRALIGHT FRACCIONADO POR KG,OK,"120.000,00",,12000000,,4
VARIOS,NUECES MARIPOSA DORADA CAJA 2 X 5 KG,OK,"60.000,00",,6000000,,4
VARIOS,NUECES MARIPOSA DORADA BOLSA 5 KG,OK,"12.000,00",,1200000,,4
VARIOS,NUECES MARIPOSA DORADA FRACCIONADO POR KG,OK,"11.500,00",,1150000,,4
VARIOS,NUECES 1/4 DORADA FRACCIONADO POR KG,OK,"262.160,00",,26216000,,4
VILLARES,CASTAÑAS DE CAJÚ ENTERAS A GRANEL CAJA 22.6 KG,OK,"50.000,00",,5000000,,4
VARIOS,PISTACHOS CASCARA NEUTROS X KG,OK,"4.000,00",,400000,,4
VILLARES,MANÍ REPELADO TOSTADO SAL FRACCIONADO POR KG,SIN_PRECIO,,,,,4
ARGENFRUT,ALMENDRAS CON CHOCOLATE CON LECHE ARGENFRUT J00.100 BOLSA 1 KG,OK,"7.500,00",,750000,,4
ARGENFRUT,CROCANTE DE MANÍ CON BAÑ0 DE CHOCOLATE ARGENFRUT 109.300 BOLSA 1 KG,OK,"15.000,00",,1500000,,4
ARGENFRUT,MANÍ CON CHOCOLATE SEMIAMARGO ARGENFRUT 106001 BOLSA 1 KG,SIN_PRECIO,,,,,4
CHOCOLATES INDUSTRIALES,ALMENDRAS CON CHOCOLATE CON LECHE CHOCOLATES INDUSTRIALES CAJA 7 KG,SIN_PRECIO,,,,,4
CHOCOLATES INDUSTRIALES,"MANÍ CROCANTE ""XL"" CON COBERTURA DE LECHE CHOCOLATES INDUSTRIALES CAJA 5 KG",OK,"22.000,00",,2200000,,4
CABODI,HARINA DE TRIGO CABODI 0000 BOLSA 25 KG,OK,"17.200,00",,1720000,,4
PEHUAJÓ,HARINA DE TRIGO 000 PEHUAJÓ BOLSA 25 KG,OK,"21.000,00",,2100000,,4
PEHUAJÓ,HARINA DE TRIGO 0000 PEHUAJÓ BOLSA 25 KG,OK,"15.500,00",,1550000,,4
ARCOR,ALMIDÓN DE MAÍZ MISKY BOLSA 10 KG,OK,"28.000,00",,2800000,,4
BUFFALO,ALMIDÓN DE MAÍZ BUFFALO BOLSA 25 KG,OK,"2.700,00",,270000,,4
DEWEY,ALMIDÓN DE MAÍZ BOLSA 1 KG,OK,"9.200,00",,920000,,4
DICOMERE,AVENA ARROLLADA FINA DICOMERE BOLSA 5 KG,OK,"12.000,00",,1200000,,4
VARIOS,FÉCULA DE MANDIOCA BOLSA 10 KG,OK,"8.000,00",,800000,,4
VARIOS,HARINA DE ARROZ BOLSA 5 KG,OK,"32.000,00",,3200000,,4
FEMAG,FÉCULA DE MANDIOCA FEMAG BOLSA 25 KG,OK,"12.000,00",,1200000,,4
MOLINO CAÑUELAS,HARINA DE SALVADO CAÑUELAS BOLSA 20 KG,OK,"24.000,00",,2400000,,4
MOLINO CAÑUELAS,SEMOLÍN DE TRIGO BOLSA 25 KG,OK,"4.500,00",,450000,,4
MOLINO CAÑUELAS,HARINA DE TRIGO INTEGRAL FINA PUREZA BOLSA 5 KG,OK,"22.000,00",,2200000,,4
MOLINO CAÑUELAS,HARINA DE TRIGO INTEGRAL FINA PUREZA BOLSA 25 KG,OK,"26.000,00",,2600000,,4
VILLARES,HARINA DE ALMENDRA FRACCIONADO POR KG,OK,"33.000,00",,3300000,,4
LEDEVIT,CREMA LEDEVIT CHANTILLY BIDÓN 4.7 KG,OK,"36.000,00",,3600000,,4
LEDEVIT,CREMA LEDEVIT CHOCOLATE BIDÓN 4.7 KS,OK,"33.000,00",,3300000,,4
LEDEVIT,CREMA LEDEVIT VAINILLA BIDÓN 4.7 KG,OK,"6.700,00",,670000,,4
LEDEVIT,CREMA LEDEVIT CHANTILLY POTE 1 KG,SIN_PRECIO,,,,,4
LEDEVIT,CREMA LEDEVIT CHOCOLATE POTE 1 KG,OK,"6.700,00",,670000,,4
LEDEVIT,CREMA LEDEVIT VAINILLA POTE 1 KG,OK,"3.900,00",,390000,,4
LEDEVIT,CREMA LEDEVIT CHANTILLY POTE 500 G,SIN_PRECIO,,,,,4
LEDEVIT,CREMA LEDEVIT CHOCOLATE POTE 500 S,OK,"3.900,00",,390000,,4
LEDEVIT,CREMA LEDEVIT VAINILLA POTE 500 G,OK,"44.000,00",,4400000,,4
LEDEVIT,CREMA LEDEVIT PARIS BALDE 4 KG,OK,"3.300,00",,330000,,4
LEDEVIT,CREMA LEDEVIT PARIS POTE 280 G,OK,"23.000,00",,2300000,,4
RICHS,CREMA RICHS CHANTILLY TETRA BRIK 4 KG,OK,"24.000,00",,2400000,,4
RICHS,CREMA RICHS CHOCOLATE TETRA BRIK 4 KG,OK,"6.900,00",,690000,,4
RICHS,CREMA RICHS CHANTILLY BETTERCREM TETRA BRIK 907 G,OK,"6.900,00",,690000,,4
RICHS,CREMA RICHS SUPREMO TETRA BRIK 907 G,SIN_PRECIO,,,,,4
VACALÍN,CREMA DOBLE VACALIN POTE 300 ML,OK,"31.600,00",,3160000,,4
CASTELMAR,DULCE DE LECHE REPOSTERO CASTELMAR POTE 10 KG,OK,"24.800,00",,2480000,,4
EL SERRANITO,DULCE DE LECHE REPOSTERO EL SERRANITO POTE 10 KG,OK,"34.500,00",,3450000,,4
VACALÍN,DULCE DE LECHE PANADERO VACALIN POTE 10 KG,OK,"30.600,00",,3060000,,4
MILKEY,DULCE DE LECHE REPOSTERO MILKEY POTE 10 KG,OK,"34.000,00",,3400000,,4
MILKEY,DULCE DE LECHE ALFAJORERO MILKEY POTE 10 KG,SIN_PRECIO,,,,,4
VACALÍN,DULCE DE LECHE REPOSTERO VACALIN POTE 4 KG,SIN_STOCK,,,,,4
MILKEY,DULCE DE LECHE REPOSTERO MILKEY POTE 4 KG,OK,"35.000,00",,3500000,,4
UNILEVER,MAYONESA HELLMANN'S CAJA 3 X 2.77 KG,OK,"12.000,00",,1200000,,4
UNILEVER,MAYONESA HELLMANN'S SACHET 2.77 KG,SIN_PRECIO,,,,,4
VARIOS,LECHE EN POLVO BOLSA 5 KG,OK,"145.000,00","120.000,00",14500000,12000000,5
VARIOS,LECHE EN POLVO BOLSA 25 KG,SIN_STOCK,,,,,5
MILKAUT,QUESO CREMA CREMATTO POTE 290 G,SIN_STOCK,,,,,5
MILKAUT,QUESO CREMA CREMATTO POTE 450 G,OK,"187.500,00",,18750000,,5
TEODORO,MANTECA TEODORO CAJA 20 KG,OK,"24.000,00",,2400000,,5
TEODORO,"MANTECA TEODORO PILON 2,5 KG",OK,"232.000,00",,23200000,,5
LÁCTEOS SAN GOTARDO,MANTECA SAN GOTARDO CALIDAD PRIMERA CAJA 4 X 5 KG,OK,"58.000,00",,5800000,,5
LÁCTEOS SAN GOTARDO,MANTECA SAN GOTARDO CALIDAD PRIMERA PILÓN 5 KG,SIN_PRECIO,,,,,5
VACALÍN,MANTECA VACALÍN ENVASE 200 G,OK,"12.000,00",,1200000,,5
CASALIVA,ACEITE VEGETAL DE GIRASOL CASALIVA BIDÓN 5 L,OK,"73.200,00",,7320000,,5
COFINA,MANTECA DE CACAO FRACCIONADO POR 1 KG,OK,"76.000,00",,7600000,,5
EGRAMAR,GRASA BOVINA REFINADA GUSTAGRAS CAJA 20 KG,OK,"1.500,00",,150000,,5
EGRAMAR,OLEOMARGARINA CRISTALINA SACHET 500 G,OK,"78.000,00",,7800000,,5
EGRAMAR,OLEOMARGARINA BOVIGRAS CAJA 20 KG,OK,"69.000,00",,6900000,,5
GRABYA,GRASA BOVINA GRABYA CAJA 20 KG,OK,"69.000,00",,6900000,,5
REFINERÍA SUDAMERICANA,GRASA HURRICANE CAJA 20 KG,OK,"2.200,00",,220000,,5
REFINERÍA SUDAMERICANA,MANTECA DE CERDO HALCÕN SACHET,OK,"46.000,00",,4600000,,5
DÁNICA,MANTERINA HOJALDRE CAJA 10 KG,OK,"89.700,00","81.600,00",8970000,8160000,5
DÁNICA,MANTERINA MASAS CAJA 20 KG,OK,"22.425,00",,2242500,,5
DÁNICA,MANTERINA MASAS PILÓN 5 KS,SIN_STOCK,,,,,5
DÁNICA,DÁNICA MASAS CAJA 20 KG,OK,"38.300,00",,3830000,,5
EGRAMAR,MARGASUAVE BATIDO CAJA 10 KG,OK,"77.000,00",,7700000,,5
EGRAMAR,MARGASUAVE HOJALDRE CAJA 20 KG,OK,"77.000,00",,7700000,,5
EGRAMAR,24 DE OCTUBRE LÍNEA FINA CAJA 20 KG,OK,"38.500,00",,3850000,,5
EGRAMAR,24 DE OCTUBRE LÍNEA FINA PILÓN 10 KG,OK,"76.300,00",,7630000,,5
EGRAMAR,MARGOJALDRE CAJA 2 X 10 KG,OK,"38.150,00",,3815000,,5
EGRAMAR,MARGOJALDRE PILÓN 10 KG,OK,"86.900,00",,8690000,,5
EGRAMAR,PANNA PARA HOJALDRE CAJA 20 KG,OK,"86.900,00",,8690000,,5
EGRAMAR,PANNA PARA MASAS Y BATIDO CAJA 20 KG,OK,"21.725,00",,2172500,,5
EGRAMAR,PANNA PARA HOJALDRE PILÓN 5 KG,OK,"21.725,00",,2172500,,5
EGRAMAR,PANNA PARA MASAS Y BATIDO PILÓN 5 KG,OK,"69.000,00",,6900000,,5
REFINERÍA SUDAMERICANA,PRIMICIA HOJALDRE CAJA 20 KG,SIN_STOCK,,,,,5
REFINERÍA SUDAMERICANA,MARGARINA DE BATIDO HALCÓN SACHET 0.5 KG,OK,"55.000,00",,5500000,,5
REFINERÍA SUDAMERICANA,PRIMICIA TORTA 100°ó VEGETAL CAJA 20KG,CONSULTAR,,,,,5
KEUKEN,PAN DE QUESO KEUKEN BOLSA 1 KG,OK,"28.000,00",,2800000,,5
MASTER BAKERY,PAN DE QUESO MASTER BAKERY BOLSA 5 KG,OK,"27.000,00",,2700000,,5
MOLINO CAÑUELAS,PAN DE VIENA PUREZA BOLSA 25 KG,OK,"7.500,00",,750000,,5
MOLINO CAÑUELAS,PREMEZCLA DE HARINA INTEGRAL CON SEMILLAS PUREZA BOLSA 5 KG,SIN_PRECIO,,,,,5
ALZOL,GELATINA SABOR ALZOL BOLSA 1 KG,OK,"55.000,00",,5500000,,5
ARGENIT,PREMEZCLA DE BUDÍN ARGENIT SABOR CHOCOLATE BOLSA 10 KG,OK,"42.700,00",,4270000,,5
ARGENIT,PREMEZCLA DE BUDÍN ARGENIT SABOR VAINILLA BOLSA 10 KG,OK,"18.200,00",,1820000,,5
DEWEY,GELATINA SABOR DEWEY BOLSA 1 KG,OK,"27.000,00",,2700000,,5
EMETH,GELATINA SABOR EMETH BOLSA 1 KG,CONSULTAR,,,,,5
KEUKEN,PREMEZCLA DE BIZCOCHUELO DE CHOCOLATE LODISER BOLSA 500 G,CONSULTAR,,,,,5
KEUKEN,PREMEZCLA DE BIZCOCHUELO DE VAINILLA LODISER BOLSA 500 G,CONSULTAR,,,,,5
KEUKEN,PREMEZCLA DE BUDÍN SABOR VAINILLA LODISER BOLSA 500 G,CONSULTAR,,,,,5
KEUKEN,PREMEZCLA DE CUPCAKES DE CHOCOLATE LODISER BOLSA 500 G,CONSULTAR,,,,,5
KEUKEN,PREMEZCLA DE CUPCAKES DE VAINILLA LODISER BOLSA 500 G,OK,"12.000,00",,1200000,,5
KEUKEN,PREMEZCLA DE MOUSSE DE CHOCOLATE ESPECIAL TORTAS LODISER BOLSA 800 G,OK,"9.800,00",,980000,,5
KEUKEN,PREMEZCLA DE MOUSSE DE VAINILLA (CÕD. P0M43) LODISER BOLSA 800 G,OK,"32.000,00",,3200000,,5
LEDEVIT,PREMEZCLA DE CREMA PASTELERA LEDEVIT BOLSA 4 KG,OK,"28.800,00",,2880000,,5
LEDEVIT,PREMEZCLA DE MERENGUE LEDEVIT BOLSA 4 KG,OK,"40.000,00",,4000000,,5
LESAFFRE,PREMEZCLA DE CREMA PASTELERA INVENTIS BOLSA 5 KG,SIN_STOCK,,,,,5
MOLINO CAÑUELAS,PREMEZCLA PAN DULCE PUREZA BOLSA 5 KG,OK,"62.000,00",,6200000,,5
MASTER BAKERY,PREMEZCLA DE MUFFIN DE CHOCOLATE MASTER BAKERY BOLSA 10 KG,OK,"52.500,00",,5250000,,5
MASTER BAKERY,PREMEZCLA DE MUFFIN DE VAINILLA MASTER BAKERY BOLSA 10 KG,OK,"25.000,00",,2500000,,5
MOLINO CAÑUELAS,PREMEZCLA PAN DULCE PUREZA BOLSA 25 KG,OK,"39.000,00",,3900000,,5
MOLINO CAÑUELAS,PREMEZCLA PAN DE PAPAS BOLSA 25 KG,OK,"9.900,00",,990000,,5
UNILEVER,MOUSSE SABOR CHOCOLATE BLANCO CARTE D'0R BOLSA 1 KG,CONSULTAR,,,,,5
UNILEVER,MOUSSE DE CHOCOLATE CARTE D'0R BOLSA 1 KG,OK,"15.000,00",,1500000,,5
UNILEVER,TIRAMISÚ Y CHEESECAKE CARTE D'0R BOLSA 1 KG,SIN_PRECIO,,,,,5
DEWEY,DULCE DE BATATA DEWEY CAJÓN 5 KG,SIN_PRECIO,,,,,6
DEWEY,DULCE DE MEMBRILLO DEWEY CAJÓN 5 KG,SIN_PRECIO,,,,,6
DEWEY,DULCE DE BATATA DEWEY POTE 10 KG,OK,"9.000,00",,900000,,6
EMETH,DULCE DE BATATA EMETH CAJÓN 5 KG,OK,"19.800,00",,1980000,,6
EMETH,MERMELADA MEMBRILLO EMETH POTE 10 KG,OK,"11.500,00",,1150000,,6
EMETH,DULCE DE MEMBRILLO EMETH CAJÓN 5 KG,SIN_PRECIO,,,,,6
GHELCO,MERMELADA DAMASCO 5730/2 GHELCO LATA 5 KG,OK,"43.000,00",,4300000,,6
GHELCO,MERMELADA DURAZNO 5720/2 GHELCO LATA 5 KG,SIN_PRECIO,,,,,6
GHELCO,MERMELADA FRAMBUESA 5780/2 GHELCO LATA 5 KS,OK,"43.000,00",,4300000,,6
GHELCO,MERMELADA FRUTILLA 5710/2 GHELCO LATA 5 KS,OK,"21.000,00",,2100000,,6
TAXONERA,DULCE DE BATATA TAXONERA CAJÓN 5 KG,OK,"38.500,00",,3850000,,6
TAXONERA,MERMELADA DE BATATA TAXONERA POTE 10 KG,OK,"28.000,00",,2800000,,6
TAXONERA,MERMELADA MEMBRILLO TAXONERA POTE 10 KG,OK,"24.000,00",,2400000,,6
TAXONERA,MERMELADA MEMBRILLO TAXONERA MIX POTE 10 KG,OK,"36.300,00",,3630000,,6
TAXONERA,MERMELADA DAMASCO TAXONERA BALDE 5 KG,OK,"26.000,00",,2600000,,6
TAXONERA,MERMELADA DURAZNO TAXONERA BALDE 5 KG,OK,"50.000,00",,5000000,,6
TAXONERA,MERMELADA FRAMBUESA TAXONERA BALDE 5 KG,OK,"26.000,00",,2600000,,6
TAXONERA,MERMELADA FRUTILLA TAXONERA BALDE 5 KG,OK,"37.000,00",,3700000,,6
TAXONERA,MERMELADA FRUTOS DEL BOSQUE TAXONERA BALDE 5 KG,OK,"22.000,00",,2200000,,6
TAXONERA,MERMELADA MANZANA TAXONERA BALDE 5 KG,OK,"38.500,00",,3850000,,6
TAXONERA,MERMELADA MANZANA TAXONERA BALDE 10 KG,OK,"53.000,00",,5300000,,6
TAXONERA,MERMELADA MARACUYA TAXONERA BALDE 5 KG,SIN_PRECIO,,,,,6
TAXONERA,MERMELADA NARANJA TAXONERA BALDE 5 KG,OK,"29.000,00",,2900000,,6
TAXONERA,MERMELADA ARANDANOS TAXONERA BALDE 5 KG,CONSULTAR,,,,,6
ÁGUILA,PASTA SABOR AVELLANA NUT ÁGUILA POTE 290 G,CONSULTAR,,,,,6
ARCOR,PASTA BON 0 BON POTE 290 G,CONSULTAR,,,,,6
CAVIWA,PASTA DE MANÍ CAVIWA POTE 440 G,OK,"43.000,00",,4300000,,6
GHELCO,PEPYPAN BASE ENVASE 5 KG,CONSULTAR,,,,,6
MAPSA,PASTA SABOR AVELLANA MAPSA POTE 450 G,CONSULTAR,,,,,6
MAPSA,PASTA SABOR BANANITA MAPSA POTE 450 G,CONSULTAR,,,,,6
MAPSA,PASTA SABOR CHOCOLATE MAPSA POTE 450 G,CONSULTAR,,,,,6
MAPSA,PASTA SABOR FRUTILLA MAPSA POTE 450 G,CONSULTAR,,,,,6
MAPSA,PASTA SABOR LIMÕN MAPSA POTE 450 G,OK,"27.000,00",,2700000,,6
MAPSA,PASTA SABOR MANÍ MAPSA POTE 5KG,CONSULTAR,,,,,6
MAPSA,PASTA SABOR MENTA MAPSA POTE 450 S,OK,"48.000,00","58.000,00",4800000,5800000,6
MICKY,PASTA DE AVELLANAS MICKY POTE 5 KG,OK,"25.100,00",,2510000,,6
MICKY,PASTA DE FRUTILLA MICKY POTE 5 KG,CONSULTAR,,,,,6
MICKY,PRALINÉ DE MANÍ MICKY POTE 5 KG,OK,"75.000,00",,7500000,,6
PEHUENIA,VARIEGATTO PEHUENIA FRUTILLA PREMIUM BALDE 5 KG,OK,"95.000,00",,9500000,,6
PEHUENIA,VARIEGATTO PEHUENIA FRUTOS DEL BOSQUE PREMIUM BALDE 5 KG,OK,"75.000,00",,7500000,,6
PEHUENIA,VARIEGATTO PEHUENIA MARACUYÁ BALDE 5 KS,SIN_PRECIO,,,,,6
ALZOL,CREMOR TÃRTARO ALZOL BOLSA 1 KG,SIN_PRECIO,,,,,6
ALZOL,AGAR AGAR ALZOL BOLSA 500 G,SIN_PRECIO,,,,,6
ALZOL,CARBOXIMETIL CELULOSA (CMC) ALZOL BOLSA 500 G,OK,"19.000,00",,1900000,,6
ALZOL,GOMA XANTICA ALZOL BOLSA 500 G,SIN_PRECIO,,,,,6
DÃNICA,EMULDÁN BIDÕN 10 KG,OK,"18.000,00",,1800000,,6
EMETH,EXTRACTO DE MALTA EMETH BALDE 5.6 KG,SIN_PRECIO,,,,,6
DEWEY,PROPIONATO DE CALCIO DEWEY BOLSA 1 KG,SIN_PRECIO,,,,,6
DEWEY,EXTRACTO DE MALTA DEWEY POTE 350 G,OK,"17.200,00",,1720000,,6
EMETH,POLVO PARA HORNEAR EMETH BALDE 3 KG,OK,"14.500,00",,1450000,,6
EMETH,POLVO PARA HORNEAR EMETH BOLSA 3 KG,OK,"9.800,00",,980000,,6
EMETH,ÃCIDO ACÉTICO EMETH BIDÕN 1 L,OK,"13.200,00",,1320000,,6
EMETH,HARINA DE MALTA BOLSA 10 KG,OK,"12.000,00",,1200000,,6
EMETH,SORBATO DE POTASIO EMETH POTE 1 L,OK,"5.500,00",,550000,,6
EMETH,BICARBONATO DE AMONIO EMETH BOLSA 1 KG,OK,"11.600,00",,1160000,,6
DEWEY,BICARBONATO DE AMONIO DEWEY BOLSA 2 KG,OK,"5.500,00",,550000,,6
EMETH,BICARBONATO DE SODIO EMETH BOLSA 1KG,OK,"6.000,00",,600000,,6
GHELCO,COMPLEMENTO LÍQUIDO GHELCO FRASCO 500 ML,OK,"37.900,00",,3790000,,6
LESAFFRE,MAGIMIX NARANJA BOLSA 10 KG,OK,"46.000,00",,4600000,,6
LESAFFRE,MAGIMIX R0J0 BOLSA 10 KG,OK,"53.000,00",,5300000,,6
LESAFFRE,MAGIMIX VERDE FRESCURA BOLSA 5 KG,OK,"12.220,00",,1222000,,6
LESAFFRE,MAGIMIX C CAJA 1 KG,OK,"16.000,00",,1600000,,6
POWDER,POLVO PARA HORNEAR POWDER BALDE 3 KG,OK,"9.000,00",,900000,,6
POWDER,POLVO PARA HORNEAR POWDER POTE 1 KG,OK,"1.800,00",,180000,,6
POWDER,POLVO PARA HORNEAR POWDER POTE 100 G,OK,"16.000,00",,1600000,,6
TAXONERA,EMULSIONANTE EN PASTATAXONERA BALDE 3.75 KG,OK,"24.000,00",,2400000,,6
CROTTA,MOSCATO CROTTA BOTELLA 930 ML,OK,"8.500,00",,850000,,6
EL ABUELO,OPORTO EL ABUELO BOTELLA 750 ML,OK,"4.300,00",,430000,,6
LATRIESTINA,MARRASCHINO LATRIESTINA BOTELLA 950 ML,OK,"4.300,00",,430000,,6
LATRIESTINA,RON LATRIESTINA BOTELLA 950 ML,SIN_PRECIO,,,,,6
PROMESA,MOSCATO PROMESA BOTELLA 750 ML,OK,"18.500,00",,1850000,,7
ARGENFRUT,MICRO CEREAL CON CHOCOLATE BLANCO ARSENFRUT 110.200 BOLSA 1 KG,OK,"18.500,00",,1850000,,7
ARGENFRUT,MICRO CEREAL CON CHOCOLATE CON LECHE ARGENFRUT 110.100 BOLSA 1 KG,OK,"17.000,00",,1700000,,7
ARGENFRUT,MICRO GALLETITAS CHOCOLATE BLANCO ARGENFRUT 105.200 BOLSA 1 KG,OK,"12.000,00",,1200000,,7
CAVIWA,CROCANTE DE MANÍ CON CHOCOLATE CAVIWA BOLSA 1 KG,SIN_PRECIO,,,,,7
CHOCOLATE COLONIAL,BOTONCITOS DE CHOCOLATE BLANCO CON DULCE DE LECHE CHOCOLATE COLONIAL BOLSA 1 KG,SIN_PRECIO,,,,,7
CHOCOLATES INDUSTRIALES,ARÁNDANOS CON COBERTURA SEMIAMARSA CHOCOLATES INDUSTRIALES BOLSA 500 G,SIN_PRECIO,,,,,7
CHOCOLATES INDUSTRIALES,GRANOS DE CAFÉ CON COBERTURA SEMIAMARSA CHOCOLATES INDUSTRIALES BOLSA 500 G,SIN_PRECIO,,,,,7
CHOCOLATES INDUSTRIALES,NARANJAS CON COBERTURA DE CHOCOLATE SEMIAMARGO CHOCOLATES INDUSTRIALES BOLSA 500 G HELADERÍA TOPPINGS,OK,"28.000,00",,2800000,,7
FABBRI,PREMEZCLA PARA HELADOS FABBRI LIMÓN PG SACHET 1 KG,SIN_PRECIO,,,,,7
FABBRI,PREMEZCLA PARA HELADOS FABBRI MOUSSE CREAM SACHET 1 KG,OK,"60.000,00",,6000000,,7
GHELCO,SIROPPI CHARLOT 3839/5 P0M0 425 S,SIN_PRECIO,,,,,7
GHELCO,SIROPPI CHARLOT 3839/5 P0M0 850 S,SIN_PRECIO,,,,,7
GHELCO,SIROPPI FRUTILLA 3820/5 P0M0 900 G,SIN_PRECIO,,,,,7
PEHUENIA,SIROPPI SABOR PISTACHO POTE 510 G,SIN_PRECIO,,,,,7
PEHUENIA,SIROPPI SABOR FRUTOS DEL BOSQUE PEHUENUT POTE 510 G,SIN_PRECIO,,,,,7
PEHUENIA,SIROPPI SABOR MARACUYÁ PEHUENUT POTE 5J 0 G,OK,"140.000,00",,14000000,,7
LESAFFRE,LEVADURA EN POLVO LEVEX DISPLAY 25 SOBRES X 20 S,SIN_PRECIO,,,,,7
LESAFFRE,LEVADURA EN POLVO LEVEX SOBRE 20 S,OK,"57.500,00",,5750000,,7
LESAFFRE,LEVADURA REKORD CAJA 20 X 500 G,OK,"3.000,00",,300000,,7
LESAFFRE,LEVADURA REKORD PAQUETE 500 S,SIN_PRECIO,,,,,7
LESAFFRE,LEVADURA LEVINA CAJA 20 X 500 G,OK,"142.000,00",,14200000,,7
EDEMY,TARTELETAS DULCES EDEMY BANDEJA 36 UN,CONSULTAR,,,,,7
EDEMY,TARTELETAS SALADAS EDEMY BANDEJA 36 UN,OK,"6.500,00",,650000,,7
ARGENFRUT,CROCANTE DE MANÍ ARGENFRUT SABOR VAINILLA 109-200 BOLSA 1 KG,OK,"6.500,00",,650000,,7
CAVIWA,CROCANTE DE MANÍ CAVIWA SABOR ALMENDRA BOLSA 1 KG,OK,"6.500,00",,650000,,7
CAVIWA,CROCANTE DE MANÍ CAVIWA SABOR AVELLANA BOLSA 1 KG,OK,"6.500,00",,650000,,7
CAVIWA,CROCANTE DE MANÍ CAVIWA SABOR NUEZ BOLSA 1 KS,OK,"8.000,00",,800000,,7
CAVIWA,MANÍ FILETEADO CAVIWA BOLSA 1 KG,OK,"47.200,00",,4720000,,7
VARIOS,MANÍ FILETEADO CAJA 5 KG,SIN_PRECIO,,,,,7
DECOR MAGIC,GRAGEAS DECOR MAGIC COLORES VARIOS BOLSA 1 KG,OK,"3.600,00",,360000,,7
DECOR MAGIC,GRANAS DECOR MAGIC MULTICOLORES BOLSA 1 KG,OK,"3.600,00",,360000,,7
DECOR MAGIC,GRANAS DECOR MAGIC SABOR CHOCOLATE BOLSA 1 KG,OK,"3.600,00",,360000,,7
PROIN,GRANAS COLORES VARIOS BOLSA 1 KG,OK,"9.000,00",,900000,,7
DECOR MAGIC,SPRINKLES BOLSA 1 KG,OK,"3.100,00",,310000,,7
AMENTUEL S.A.,PASTA BALLINA MAZAPÁN ENVASE 500 G,OK,"17.500,00",,1750000,,7
AMENTUEL S.A.,PASTA BALLINA PARA CUBRIR TORTAS SABOR CHOCOLATE CAJA 3 KG,SIN_PRECIO,,,,,7
AMENTUEL S.A.,PASTA BALLINA PARA CUBRIR TORTAS FÕRMULA H SABOR DULCE DE LECHE ENVASE 750 G,OK,"14.500,00",,1450000,,7
EMETH,PASTA FONDANT EMETH POTE 5 KG,OK,"27.000,00",,2700000,,7
VARIOS,PASTA FONDANT POTE 10 KG,OK,"3.900,00",,390000,,7
DECOR,PASTA AMERICANA AMARILLA SACHET 500 G,OK,"3.900,00",,390000,,7
DECOR,PASTA AMERICANA AZUL SACHET 500 G,OK,"3.900,00",,390000,,7
DECOR,PASTA AMERICANA AZUL SACHET 500 G,OK,"3.900,00",,390000,,7
DECOR,PASTA AMERICANA FUCSIA SACHET 500 G,OK,"3.900,00",,390000,,7
DECOR,PASTA AMERICANA ROSA SACHET 500 G,OK,"3.900,00",,390000,,7
DECOR,PASTA AMERICANA VERDE CÉSPED SACHET 500 G,OK,"3.200,00",,320000,,7
DECOR,PASTA AMERICANA BLANCA SACHET 500 S,OK,"3.900,00",,390000,,7
DECOR,PASTA AMERICANA NEGRA SACHET 500 G,OK,"3.900,00",,390000,,7
DECOR,PASTA AMERICANA ROJA SACHET 500 G,OK,"3.500,00",,350000,,7
AMENTUEL S.A.,PASTA DE GOMA BALLINA COLOR BLANCO ENVASE 500 G,OK,"3.500,00",,350000,,7
DECOR,PASTA DE GOMA DECOR ROJA SACHET 500 G,OK,"3.500,00",,350000,,7
DECOR,PASTA DE GOMA BLANCA SACHET 500 G,OK,"3.500,00",,350000,,7
DECOR,PASTA DE GOMA DECOR BLANCA SACHET 500 G,SIN_PRECIO,,,,,7
DECOR,PASTA DE GOMA DECOR NEGRA SACHET 500 G,CONSULTAR,,,,,8
LA BOTICA,FRATACHO ALISADOR CON BORDES PERFECTOS 1 UN,CONSULTAR,,,,,8
LA BOTICA,FRATACHO FLEXIBLE SET 2 UN,CONSULTAR,,,,,8
LAIMALA,ESPÁTULA EN ÁNGULO 12 CM 1 UN,CONSULTAR,,,,,8
LAIMALA,ESPÁTULA EN ÁNGULO 15 CM 1 UN,CONSULTAR,,,,,8
LAIMALA,ESPÁTULA TIP0 WILTON CON MANSO 1 UN,CONSULTAR,,,,,8
MOLDES D.E.L.,FRATACHO ALISADOR PARA PASTA 10 X 18 CM 1 UN,CONSULTAR,,,,,8
MOLDES D.E.L.,FRATACHO ALISADOR PARA PASTA PUNTA REDONDA 10 X 18 CM 1 UN,CONSULTAR,,,,,8
NOUVELLE CUISINE,ESPÁTULA DE SILICONA COLOR NARANJA 1 UN,CONSULTAR,,,,,8
NOUVELLE CUISINE,ESPÁTULA DE SILICONA COLOR VERDE MANZANA 1 UN,CONSULTAR,,,,,8
VARIOS,JUEGO ESPÁTULAS TIPO WILTON CON MANGO 2 UN,CONSULTAR,,,,,8
WILTON,ESPÁTULA ANCHA 33 CM 1 UN,CONSULTAR,,,,,8
WILTON,"ESPÁTULA CON SIERRA 38,1 CM 1 UN",CONSULTAR,,,,,8
WILTON,"ESPÁTULA EN ÁNGULO 22,8 CM 1 UN",CONSULTAR,,,,,8
WILTON,ESPÁTULA EN ÁNGULO 33 CM 1 UN,SIN_PRECIO,,,,,8
WILTON,FRATACHO ALISADOR PARA GLASÉ 1 UN,CONSULTAR,,,,,8
WILTON,FRATACHO PARA FONDANT 1 UN,OK,"900,00",,90000,,8
MANGAS BB,MANGAS DESCARTABLES PLÁSTICO BB LÍNEAHOGAR N° 1 10 UN,OK,"1.000,00",,100000,,8
MANGAS BB,MANGAS DESCARTABLES PLÁSTICO BB LÍNEAHOGAR N° 2 10 UN,OK,"600,00",,60000,,8
MANGAS BB,MANGAS DESCARTABLES PLÁSTICO BB N° 0 10 UN,OK,"2.300,00",,230000,,8
MANGAS BB,MANGAS DESCARTABLES PLÁSTICO BB N° 50 10 UN,OK,"2.500,00",,250000,,8
MANGAS BB,MANGAS DESCARTABLES PLÁSTICO BB N° 60 10 UN,OK,"16.400,00",,1640000,,8
PARPEN,ROLLO DE MANGAS DESCARTABLES DE PLÁSTICO N° 23 50 UNIDADES,OK,"4.500,00",,450000,,8
VARIOS,MANGA DE TELA N° 50 1 UN,OK,"4.500,00",,450000,,8
VARIOS,MANGA DE TELA N° 60 1 UN,OK,"4.500,00",,450000,,8
VARIOS,MANGA DE TELA N° 70 1 UN,CONSULTAR,,,,,8
VARIOS,PIC0 CONFITERO COMÚN LISO/ CON FORMA/ RIZADO 1 UN,CONSULTAR,,,,,8
ALPAC,BUDINERA DESCARTABLE DE ALUMINIO 19 X 8 X 5 CM 1 UN,CONSULTAR,,,,,8
ALPAC,BUDINERA DESCARTABLE DE ALUMINIO 24 X 8 X 4 CM 1 UN,CONSULTAR,,,,,8
ALPAC,BUDINERA DESCARTABLE DE ALUMINIO 28 X 10 X 6 CM 1 UN,CONSULTAR,,,,,8
ALUMFLEX,TARTERA DE ALUMINIO DESCARTABLE REDONDA 26 CM 1 UN,CONSULTAR,,,,,8
ALUMFLEX,TARTERA DE ALUMINIO DESCARTABLE REDONDA 33 CM 1 UN,CONSULTAR,,,,,8
ALUMFLEX,TARTERA DE ALUMINIO DESCARTABLE REDONDA 36 CM 1 UN,CONSULTAR,,,,,8
VARIOS,BUDINERA DESCARTABLE DE ALUMINIO N° 6 1 UN,CONSULTAR,,,,,8
VARIOS,FLANERA DE ALUMINIO N° 7 1 UN,CONSULTAR,,,,,8
VARIOS,FLANERA DE ALUMINIO N° 10 1 UN,CONSULTAR,,,,,8
VARIOS,TARTERA DE ALUMINIO DESCARTABLE REDONDA 14 CM 1 UN,CONSULTAR,,,,,8
VARIOS,TARTERA DE ALUMINIO DESCARTABLE REDONDA 24 CM 1 UN,CONSULTAR,,,,,8
VARIOS,TARTERA DE ALUMINIO DESCARTABLE REDONDA 30 CM 1 UN,CONSULTAR,,,,,8
VARIOS,"MOLDE DESCARTABLE BUDÍN 300 G X 100 UN 18,5 X 5 X 5 CM 1 UN",OK,"6.700,00",,670000,,8
VARIOS,MOLDE PAN DULCE 100 G 100 UN,OK,"6.900,00",,690000,,8
VARIOS,MOLDE PAN DULCE 250 G LIS0 100 UN,OK,"7.750,00",,775000,,8
VARIOS,MOLDE PAN DULCE 500 G 100 UN,OK,"8.500,00",,850000,,8
VARIOS,MOLDE PAN DULCE 700 G 100 UN,OK,"9.200,00",,920000,,8
VARIOS,MOLDE PAN DULCE 1000 G 100 UN,OK,"19.500,00",,1950000,,8
VARIOS,MOLDE PAN DULCE 250G 100 UN (MOTIVO NAVIDAD),OK,"23.100,00",,2310000,,8
VARIOS,MOLDE PAN DULCE 500 G 100 UN (MOTIVO NAVIDAD),CONSULTAR,,,,,8
VARIOS,PIROTÍN N° 10 CAJA 1000 UN,OK,"7.000,00",,700000,,8
VARIOS,PIROTÍN N° 5 CAJA 1000 UN,CONSULTAR,,,,,8
VARIOS,PLACA DE ACERO ANTIADHERENTE PARA CUPCAKES (12 CAVIDADES) 1 UN,CONSULTAR,,,,,8
VARIOS,MOLDE ALUMINIO PARA BUDÍN N° 4 1 UN,CONSULTAR,,,,,8
VARIOS,MOLDE ALUMINIZADO DE PAN LACTAL RECTANSULAR (20 X 10 X 10 CM) 1 UN,CONSULTAR,,,,,8
VARIOS,MOLDE ALUMINIZADO DE PAN LACTAL RECTANSULAR (24 X 10 X 10 CM) 1 UN,CONSULTAR,,,,,8
MULTY,TORTERA DE ALUMINIO N° 16 1 UN,CONSULTAR,,,,,8
VARIOS,MOLDE HOJALATA PARA POSTRE MOTIVO AR0 N° 10 1 UN,CONSULTAR,,,,,8
VARIOS,MOLDE HOJALATA PARA POSTRE MOTIVO CUADRADO EXTENSIBLE N°25 1 UN,OK,"20.000,00",,2000000,,8
