category,name,description,status,price_ars,price_cents,source_page,raw_line
AZÚCARES,CORAL AZÚCAR DE MASCABO CORAL - BOLSA 500 gr,,consultar,,,1,CORAL AZÚCAR DE MASCABO CORAL - BOLSA 500 gr consultar
AZÚCARES,DEWEY AZúCAR RUBIO DEWEY - BOLSA 1 KG,,priced,2700.0,270000,1,"DEWEY AZúCAR RUBIO DEWEY - BOLSA 1 KG $2.700,00"
AZÚCARES,DEWEY AZúCAR NEGRA DEWEY - BOLSA 1 KG,,priced,2400.0,240000,1,"DEWEY AZúCAR NEGRA DEWEY - BOLSA 1 KG $2.400,00"
AZÚCARES,DEWEY AZÚCAR IMPALPABLE HOLRAY - BOLSA 10 KG,,priced,16500.0,1650000,1,"DEWEY AZÚCAR IMPALPABLE HOLRAY - BOLSA 10 KG $16.500,00"
AZÚCARES,DEWEY AZúCAR NEGRA DEWEY - BOLSA 10 KG,,priced,16500.0,1650000,1,"DEWEY AZúCAR NEGRA DEWEY - BOLSA 10 KG $16.500,00"
AZÚCARES,DEWEY AZúCAR IMPALPABLE TALCO - BOLSA 1 KG,,priced,3400.0,340000,1,"DEWEY AZúCAR IMPALPABLE TALCO - BOLSA 1 KG $3.400,00"
AZÚCARES,DEWEY AZÚCAR IMPALPABLE TAMIZADA - BOLSA 1 KG,,no_price,,,1,DEWEY AZÚCAR IMPALPABLE TAMIZADA - BOLSA 1 KG -
AZÚCARES,DEWEY AZúCAR NEGRA DEWEY - BOLSA 1 KB,,priced,12000.0,1200000,1,"DEWEY AZúCAR NEGRA DEWEY - BOLSA 1 KB $12.000,00"
AZÚCARES,EMETH AZÚCAR IMPALPABLE EMETH - BOLSA 10 KG,,priced,13400.0,1340000,1,"EMETH AZÚCAR IMPALPABLE EMETH - BOLSA 10 KG $13.400,00"
AZÚCARES,EMETH AZúCAR NEGRA EMETH - BOLSA 10 KG,,sin_stock,,,1,EMETH AZúCAR NEGRA EMETH - BOLSA 10 KG SIN STOCK
AZÚCARES,FUSAZ AZÚCAR IMPALPABLE FUGAZ - BOLSA 10 KG,,priced,12500.0,1250000,1,"FUSAZ AZÚCAR IMPALPABLE FUGAZ - BOLSA 10 KG $12.500,00"
AZÚCARES,FUSAZ AZÚCAR NEGRA FUGAZ - BOLSA 10 KG,,priced,12500.0,1250000,1,"FUSAZ AZÚCAR NEGRA FUGAZ - BOLSA 10 KG $12.500,00"
AZÚCARES,FUSAZ AZÚCAR FUGAZ - BOLSA 10 KG,,priced,8500.0,850000,1,"FUSAZ AZÚCAR FUGAZ - BOLSA 10 KG $8.500,00"
AZÚCARES,LEDESMA AZúCAR LEDESMA - BOLSA 25 KG,,priced,36000.0,3600000,1,"LEDESMA AZúCAR LEDESMA - BOLSA 25 KG $36.000,00"
AZÚCARES,TAXONERA AZÚCAR GRANULADO TAXONERA - CAJA 5 KG,,no_price,,,1,TAXONERA AZÚCAR GRANULADO TAXONERA - CAJA 5 KG -
PULPAS Y JALEAS,DÁNICA DANASWEET - BALDE 14 KG,,sin_stock,,,1,DÁNICA DANASWEET - BALDE 14 KG SIN STOCK
PULPAS Y JALEAS,EMETH PULPA EMETH SABOR DAMASCO - BALDE 10 KG,,priced,16500.0,1650000,1,"EMETH PULPA EMETH SABOR DAMASCO - BALDE 10 KG $16.500,00"
PULPAS Y JALEAS,GEL BRIX JALEA EN FRI0 GELBRIX FRUTILLA - BALDE 4.4 KG,,sin_stock,,,1,GEL BRIX JALEA EN FRI0 GELBRIX FRUTILLA - BALDE 4.4 KG SIN STOCK
PULPAS Y JALEAS,GHELCO JALEFIX 710/1 NEUTRO - LATA 5 KG,,priced,26600.0,2660000,1,"GHELCO JALEFIX 710/1 NEUTRO - LATA 5 KG $26.600,00"
PULPAS Y JALEAS,GHELCO JALEFIX 711/1 FRUTILLA - LATA 5 KG,,sin_stock,,,1,GHELCO JALEFIX 711/1 FRUTILLA - LATA 5 KG SIN STOCK
PULPAS Y JALEAS,LEDEVIT GEL DE BRILLO LEDEVIT FRUTILLA - BALDE 4.4 KS,,priced,24000.0,2400000,1,"LEDEVIT GEL DE BRILLO LEDEVIT FRUTILLA - BALDE 4.4 KS $24.000,00"
PULPAS Y JALEAS,LEDEVIT GEL DE BRILLO LEDEVIT NEUTRO - BALDE 4.4 KG,,priced,25000.0,2500000,1,"LEDEVIT GEL DE BRILLO LEDEVIT NEUTRO - BALDE 4.4 KG $25.000,00"
PULPAS Y JALEAS,LEDEVIT GEL DE BRILLO LEDEVIT NEUTRO - POTE 310 G,,no_price,,,1,LEDEVIT GEL DE BRILLO LEDEVIT NEUTRO - POTE 310 G -
PULPAS Y JALEAS,RICHS PULPA RELLENO DE FRUTILLA RICHS - CAJA POUCH (PRECIO MAS IVA),,priced,27500.0,2750000,1,"RICHS PULPA RELLENO DE FRUTILLA RICHS - CAJA POUCH (PRECIO MAS IVA) $27.500,00"
PULPAS Y JALEAS,RICHS PULPA RELLENO DE FRUTOS ROJOS RICHS - CAJA POUCH (PRECIO MAS IVA),,priced,30000.0,3000000,1,"RICHS PULPA RELLENO DE FRUTOS ROJOS RICHS - CAJA POUCH (PRECIO MAS IVA) $30.000,00"
PULPAS Y JALEAS,RICHS PULPA RELLENO DE FRUTOS ROJOS RICHS - POUCH,,priced,8500.0,850000,1,"RICHS PULPA RELLENO DE FRUTOS ROJOS RICHS - POUCH $8.500,00"
PULPAS Y JALEAS,RICHS PULPA RELLENO DE MARACUYÅ RICHS - CAJA POUCH (PRECIO MAS IVA),,priced,27500.0,2750000,1,"RICHS PULPA RELLENO DE MARACUYÅ RICHS - CAJA POUCH (PRECIO MAS IVA) $27.500,00"
PULPAS Y JALEAS,RICHS PULPA RELLENO DE MARACUYÅ RICHS - POUCH,,priced,8500.0,850000,1,"RICHS PULPA RELLENO DE MARACUYÅ RICHS - POUCH $8.500,00"
PULPAS Y JALEAS,TAXONERA PULPALIST - C - BALDE 14 Kg,,priced,48000.0,4800000,1,"TAXONERA PULPALIST - C - BALDE 14 Kg $48.000,00"
PULPAS Y JALEAS,TAXONERA PULPALIST CRISTAL NEUTRO - BALDE 5 KG,,priced,24000.0,2400000,1,"TAXONERA PULPALIST CRISTAL NEUTRO - BALDE 5 KG $24.000,00"
JARABES,DEWEY JARABE DE GLUCOSA DEWEY - BALDE 5.6 KB,,no_price,,,1,DEWEY JARABE DE GLUCOSA DEWEY - BALDE 5.6 KB -
JARABES,DEWEY JARABE DE GLUCOSA DEWEY - POTE 180 G,,no_price,,,1,DEWEY JARABE DE GLUCOSA DEWEY - POTE 180 G -
JARABES,EMETH JARABE DE GLUCOSA EMETH - BALDE 6 KG,,priced,16700.0,1670000,1,"EMETH JARABE DE GLUCOSA EMETH - BALDE 6 KG $16.700,00"
MIEL Y OTROS ENDULZANTES,EL TALAR MIEL EL TALAR - BALDE 5.5 KG,,priced,23100.0,2310000,1,"EL TALAR MIEL EL TALAR - BALDE 5.5 KG $23.100,00"
MIEL Y OTROS ENDULZANTES,EMETH CARAMELO LÍQUIDO EMETH - BOTELLA 1.25 KG,,priced,5000.0,500000,1,"EMETH CARAMELO LÍQUIDO EMETH - BOTELLA 1.25 KG $5.000,00"
MIEL Y OTROS ENDULZANTES,EMETH CARAMELO LÍQUIDO EMETH - BOTELLA 450 G,,no_price,,,1,EMETH CARAMELO LÍQUIDO EMETH - BOTELLA 450 G -
BAÑO DE MOLDEO,CHOCOLATE COLONIAL BAÑ0 MOLDATTE BLANCO - BOLSA 1 KG,,priced,11900.0,1190000,1,"CHOCOLATE COLONIAL BAÑ0 MOLDATTE BLANCO - BOLSA 1 KG $11.900,00"
BAÑO DE MOLDEO,CHOCOLATE COLONIAL BAÑ0 MOLDATTE CON LECHE - BOLSA 1 KS,,priced,11900.0,1190000,1,"CHOCOLATE COLONIAL BAÑ0 MOLDATTE CON LECHE - BOLSA 1 KS $11.900,00"
BAÑO DE MOLDEO,CHOCOLATE COLONIAL BAÑ0 MOLDATTE SEMIAMARGO - BOLSA 1 KG,,priced,11900.0,1190000,1,"CHOCOLATE COLONIAL BAÑ0 MOLDATTE SEMIAMARGO - BOLSA 1 KG $11.900,00"
BAÑO DE MOLDEO,CHOCOLATE COLONIAL BAÑO MOLDATTE SEMIAMARGO - BOLSA 500 G,,priced,3900.0,390000,1,"CHOCOLATE COLONIAL BAÑO MOLDATTE SEMIAMARGO - BOLSA 500 G $3.900,00"
BAÑO DE MOLDEO,CHOCOLATE COLONIAL BAÑO MOLDATTE SEMIAMARGO - BOLSA 20 KG,,priced,118000.0,11800000,1,"CHOCOLATE COLONIAL BAÑO MOLDATTE SEMIAMARGO - BOLSA 20 KG $118.000,00"
BAÑO DE MOLDEO,CHOCOLATE COLONIAL BAÑO MOLDATTE BLANCO - BOLSA 20 KG,,priced,123000.0,12300000,1,"CHOCOLATE COLONIAL BAÑO MOLDATTE BLANCO - BOLSA 20 KG $123.000,00"
BAÑO DE MOLDEO,CHOCOLATE COLONIAL BAÑO MOLDATTE SEMIAMARGO- BOLSA 10 KG,,priced,92000.0,9200000,1,"CHOCOLATE COLONIAL BAÑO MOLDATTE SEMIAMARGO- BOLSA 10 KG $92.000,00"
BAÑO DE MOLDEO,CHOCOLATE COLONIAL BAÑO MOLDATTE BLANCO - BOLSA 10 KG,,priced,85000.0,8500000,1,"CHOCOLATE COLONIAL BAÑO MOLDATTE BLANCO - BOLSA 10 KG $85.000,00"
BAÑO DE MOLDEO,CHOCOLATES INDUSTRIALES CHOCOLART BLANCO (CÓD. PABA) - BOLSA 500G,,priced,4600.0,460000,1,"CHOCOLATES INDUSTRIALES CHOCOLART BLANCO (CÓD. PABA) - BOLSA 500G $4.600,00"
BAÑO DE MOLDEO,CHOCOLATES INDUSTRIALES CHOCOLART CON LECHE (CÓD. PALE) - BOLSA 500G,,priced,4600.0,460000,1,"CHOCOLATES INDUSTRIALES CHOCOLART CON LECHE (CÓD. PALE) - BOLSA 500G $4.600,00"
BAÑO DE MOLDEO,CHOCOLATES INDUSTRIALES CHOCOLART SEMIAMARSO (CÓD. PASA) - BOLSA 500G,,priced,4600.0,460000,1,"CHOCOLATES INDUSTRIALES CHOCOLART SEMIAMARSO (CÓD. PASA) - BOLSA 500G $4.600,00"
BAÑO DE MOLDEO,LODISER BLANCO (CÓD. BAM03A) ALPINO - TABLETA 500 G,,priced,3800.0,380000,1,"LODISER BLANCO (CÓD. BAM03A) ALPINO - TABLETA 500 G $3.800,00"
BAÑO DE MOLDEO,LODISER CON LECHE (CÓD. BAM02A) ALPINO - TABLETA 500 G,,priced,3800.0,380000,1,"LODISER CON LECHE (CÓD. BAM02A) ALPINO - TABLETA 500 G $3.800,00"
BAÑO DE MOLDEO,LODISER FRUTILLA (CÓD. BAM14) ALPINO - TABLETA 500 G,,priced,3800.0,380000,1,"LODISER FRUTILLA (CÓD. BAM14) ALPINO - TABLETA 500 G $3.800,00"
BAÑO DE MOLDEO,LODISER SEMIAMARGO (CÓD. BAM01A) ALPINO - CAJA 3 KG,,priced,22800.0,2280000,1,"LODISER SEMIAMARGO (CÓD. BAM01A) ALPINO - CAJA 3 KG $22.800,00"
BAÑO DE MOLDEO,LODISER SEMIAMARGO (CÓD. BAM01A) ALPINO - TABLETA 500 G,,priced,3800.0,380000,1,"LODISER SEMIAMARGO (CÓD. BAM01A) ALPINO - TABLETA 500 G $3.800,00"
BAÑO DE MOLDEO,LODISER CHIPS SEMIAMARGO (CÓD. CHIP01A) ALPINO - CAJA 6 KG,,priced,42000.0,4200000,1,"LODISER CHIPS SEMIAMARGO (CÓD. CHIP01A) ALPINO - CAJA 6 KG $42.000,00"
BAÑO DE MOLDEO,LODISER CHIPS SEMIAMARGO (CÓD. CHIP01A) ALPINO - BOLSA 1 KG,,priced,7000.0,700000,1,"LODISER CHIPS SEMIAMARGO (CÓD. CHIP01A) ALPINO - BOLSA 1 KG $7.000,00"
BAÑO DE MOLDEO,MAPSA MICROCHIPS MAPSA CAJA 3 KG,,priced,27200.0,2720000,1,"MAPSA MICROCHIPS MAPSA CAJA 3 KG $27.200,00"
BAÑO DE MOLDEO,LODISER PINS BLANCOS (CÓD. BAM03P) ALPINO - CAJA 6 KG,,priced,58800.0,5880000,1,"LODISER PINS BLANCOS (CÓD. BAM03P) ALPINO - CAJA 6 KG $58.800,00"
BAÑO DE MOLDEO,LODISER PINS BLANCOS (CÓD. BAM03P) ALPINO - BOLSA 1KG,,priced,9800.0,980000,1,"LODISER PINS BLANCOS (CÓD. BAM03P) ALPINO - BOLSA 1KG $9.800,00"
BAÑO DE MOLDEO,LODISER PINS CON LECHE (CÓD. BAM02P) ALPINO - CAJA 6 KG,,priced,58800.0,5880000,1,"LODISER PINS CON LECHE (CÓD. BAM02P) ALPINO - CAJA 6 KG $58.800,00"
BAÑO DE MOLDEO,LODISER PINS CON LECHE (CÓD. BAM03P) ALPINO - BOLSA 1KG,,priced,9800.0,980000,1,"LODISER PINS CON LECHE (CÓD. BAM03P) ALPINO - BOLSA 1KG $9.800,00"
BAÑO DE MOLDEO,LODISER PINS SEMIAMARGOS (CÓD. BAM01P) ALPINO - CAJA 6 KG,,priced,58800.0,5880000,1,"LODISER PINS SEMIAMARGOS (CÓD. BAM01P) ALPINO - CAJA 6 KG $58.800,00"
BAÑO DE MOLDEO,LODISER PINS SEMIAMARGOS (CÓD. BAM03P) ALPINO - BOLSA 1KG,,priced,9800.0,980000,1,"LODISER PINS SEMIAMARGOS (CÓD. BAM03P) ALPINO - BOLSA 1KG $9.800,00"
BAÑO DE MOLDEO,MAPSA MAPSA CUBER FRUTILLA,,priced,32000.0,3200000,1,"MAPSA MAPSA CUBER FRUTILLA $32.000,00"
BAÑO DE REPOSTERÍA,CHOCOLATES INDUSTRIALES BLANCO ESPECIAL (CÓD. EMEB) - CAJA 5 KG,,priced,45000.0,4500000,1,"CHOCOLATES INDUSTRIALES BLANCO ESPECIAL (CÓD. EMEB) - CAJA 5 KG $45.000,00"
BAÑO DE REPOSTERÍA,CHOCOLATES INDUSTRIALES SEMIAMARGO SABOR ALFAJOR (CÓD. EMJO) - CAJA 5 KG,,priced,45000.0,4500000,2,"CHOCOLATES INDUSTRIALES SEMIAMARGO SABOR ALFAJOR (CÓD. EMJO) - CAJA 5 KG $45.000,00"
BAÑO DE REPOSTERÍA,GHELCO BAÑ0 BLANCO 36.00/6 - BLISTER 5 KG,,priced,44500.0,4450000,2,"GHELCO BAÑ0 BLANCO 36.00/6 - BLISTER 5 KG $44.500,00"
BAÑO DE REPOSTERÍA,GHELCO BAÑ0 BLANCO 36.00/6 CILINDRO - 1 UN,,priced,8900.0,890000,2,"GHELCO BAÑ0 BLANCO 36.00/6 CILINDRO - 1 UN $8.900,00"
BAÑO DE REPOSTERÍA,GHELCO BAÑ0 CACAO DULCE 34.70/6 - BLISTER 5 KG,,priced,44500.0,4450000,2,"GHELCO BAÑ0 CACAO DULCE 34.70/6 - BLISTER 5 KG $44.500,00"
BAÑO DE REPOSTERÍA,GHELCO BAÑ0 CACAO DULCE 34.70/6 CILINDRO - 1 UN,,priced,8900.0,890000,2,"GHELCO BAÑ0 CACAO DULCE 34.70/6 CILINDRO - 1 UN $8.900,00"
BAÑO DE REPOSTERÍA,LODISER BAÑ0 BLANCO (CÓD. BAR03P) ALPINO - CAJA 6 KG,,sin_stock,,,2,LODISER BAÑ0 BLANCO (CÓD. BAR03P) ALPINO - CAJA 6 KG SIN STOCK
BAÑO DE REPOSTERÍA,LODISER BAÑ0 SEMIAMARGO (CÓD. BAR01P) ALPINO - CAJA 6 KG,,priced,62000.0,6200000,2,"LODISER BAÑ0 SEMIAMARGO (CÓD. BAR01P) ALPINO - CAJA 6 KG $62.000,00"
BAÑO DE REPOSTERÍA,LODISER BAÑ0 SEMIAMARGO (CÓD. BAR01P) ALPINO - 6 paquetes x 1KG,,sin_stock,,,2,LODISER BAÑ0 SEMIAMARGO (CÓD. BAR01P) ALPINO - 6 paquetes x 1KG SIN STOCK
BAÑO DE REPOSTERÍA,LODISER CHIPS SEMIAMARGOS (CÓD. GOT1 J) ALPINO - BOLSA 1 KG,,priced,7500.0,750000,2,"LODISER CHIPS SEMIAMARGOS (CÓD. GOT1 J) ALPINO - BOLSA 1 KG $7.500,00"
BAÑO DE REPOSTERÍA,MAPSA BAÑ0 BLANCO BOMBONITOS - CAJA 3 X 1 KG,,priced,33000.0,3300000,2,"MAPSA BAÑ0 BLANCO BOMBONITOS - CAJA 3 X 1 KG $33.000,00"
BAÑO DE REPOSTERÍA,MAPSA BAÑ0 BLANCO BOMBONITOS - BOLSA 1 KG,,priced,11000.0,1100000,2,"MAPSA BAÑ0 BLANCO BOMBONITOS - BOLSA 1 KG $11.000,00"
BAÑO DE REPOSTERÍA,MAPSA BAÑ0 NEGRO BOMBONITOS - CAJA 3 X 1 KG,,priced,33000.0,3300000,2,"MAPSA BAÑ0 NEGRO BOMBONITOS - CAJA 3 X 1 KG $33.000,00"
BAÑO DE REPOSTERÍA,MAPSA BAñ0 NEGRO BOMBONITOS - BOLSA 1 KG,,priced,11000.0,1100000,2,"MAPSA BAñ0 NEGRO BOMBONITOS - BOLSA 1 KG $11.000,00"
BAÑO DE REPOSTERÍA,MAPSA BAÑO DE REPOSTERIA BLANCO MAPSA - CAJA 5 KG,,priced,36000.0,3600000,2,"MAPSA BAÑO DE REPOSTERIA BLANCO MAPSA - CAJA 5 KG $36.000,00"
CACAO EN POLVO,EMETH CACAO EN POLVO AMARGO EMETH - BOLSA 1 KG,,priced,24800.0,2480000,2,"EMETH CACAO EN POLVO AMARGO EMETH - BOLSA 1 KG $24.800,00"
CACAO EN POLVO,VARIOS CACAO EN POLVO ALCALINO - FRACCIONADO POR Kg,,priced,20000.0,2000000,2,"VARIOS CACAO EN POLVO ALCALINO - FRACCIONADO POR Kg $20.000,00"
CACAO EN POLVO,VARIOS CACAO EN POLVO BARRY - FRACCIONADO POR KG,,priced,20000.0,2000000,2,"VARIOS CACAO EN POLVO BARRY - FRACCIONADO POR KG $20.000,00"
CACAO EN POLVO,ALSOL CACAO EN POLVO NEGRO OREO- FRACCIONADO POR 1/2 KG,,priced,20000.0,2000000,2,"ALSOL CACAO EN POLVO NEGRO OREO- FRACCIONADO POR 1/2 KG $20.000,00"
CACAO EN POLVO,SOCAU CACAO EN POLVO SOCAU,,priced,16000.0,1600000,2,"SOCAU CACAO EN POLVO SOCAU $16.000,00"
COBERTURAS,ÁGUILA ÁGUILA TABLETEADO BLANCO (CÓD. 9979) - CAJA 5 KG,,priced,160000.0,16000000,2,"ÁGUILA ÁGUILA TABLETEADO BLANCO (CÓD. 9979) - CAJA 5 KG $160.000,00"
COBERTURAS,ÁGUILA ÁGUILA TABLETEADO SEMIAMARGO (CÓD. 9985) - CAJA 5 KG,,priced,112000.0,11200000,2,"ÁGUILA ÁGUILA TABLETEADO SEMIAMARGO (CÓD. 9985) - CAJA 5 KG $112.000,00"
COBERTURAS,PICOS DEL SUR CHOCOLATE DE COBERTURA PICOS DEL SUR (CÓD. 9419) A GRANEL CON LECHE - CAJA 5 KG,,sin_stock,,,2,PICOS DEL SUR CHOCOLATE DE COBERTURA PICOS DEL SUR (CÓD. 9419) A GRANEL CON LECHE - CAJA 5 KG SIN STOCK
COBERTURAS,PICOS DEL SUR CHOCOLATE DE COBERTURA PICOS DEL SUR (CÓD. 9420) A GRANEL BLANCO - CAJA 5 KG,,sin_stock,,,2,PICOS DEL SUR CHOCOLATE DE COBERTURA PICOS DEL SUR (CÓD. 9420) A GRANEL BLANCO - CAJA 5 KG SIN STOCK
COBERTURAS,PICOS DEL SUR CHOCOLATE DE COBERTURA PICOS DEL SUR (CÓD. 9427) A GRANEL SEMI AMARGO - CAJA 5 KG,,sin_stock,,,2,PICOS DEL SUR CHOCOLATE DE COBERTURA PICOS DEL SUR (CÓD. 9427) A GRANEL SEMI AMARGO - CAJA 5 KG SIN STOCK
CONFITES DE CHOCOLATE,ROCKLETS CONFITES ROCKLETS - CAJA 10 KG,,priced,190000.0,19000000,2,"ROCKLETS CONFITES ROCKLETS - CAJA 10 KG $190.000,00"
CONFITES DE CHOCOLATE,ROCKLETS MINI CONFITES ROCKLETS - CAJA 9 KG,,priced,171000.0,17100000,2,"ROCKLETS MINI CONFITES ROCKLETS - CAJA 9 KG $171.000,00"
CONFITES DE CHOCOLATE,ROCKLETS CONFITES ROCKLETS - 1 KG,,priced,19000.0,1900000,2,"ROCKLETS CONFITES ROCKLETS - 1 KG $19.000,00"
CONFITES DE CHOCOLATE,ROCKLETS MINI CONFITES ROCKLETS - 1 KG,,priced,19000.0,1900000,2,"ROCKLETS MINI CONFITES ROCKLETS - 1 KG $19.000,00"
PARA DECORAR,FILECHOC FILECHOC BLANCO - BALDE 3 KG,,priced,31000.0,3100000,2,"FILECHOC FILECHOC BLANCO - BALDE 3 KG $31.000,00"
PARA DECORAR,FILECHOC FILECHOC SEMIAMARGO - BALDE 3 KG,,priced,31000.0,3100000,2,"FILECHOC FILECHOC SEMIAMARGO - BALDE 3 KG $31.000,00"
PARA DECORAR,MAPSA MICROGOTAS MAPSA CHOCOLATE SEMIAMARGO - CAJA 3 KG,,priced,24000.0,2400000,2,"MAPSA MICROGOTAS MAPSA CHOCOLATE SEMIAMARGO - CAJA 3 KG $24.000,00"
PARA DECORAR,MAPSA MICROGOTAS MAPSA CHOCOLATE BLANCO - CAJA 3 KG,,priced,24000.0,2400000,2,"MAPSA MICROGOTAS MAPSA CHOCOLATE BLANCO - CAJA 3 KG $24.000,00"
ESENCIAS,DEWEY COLAROMA DEWEY CAFÉ SENSACIONES - BIDÓN 1 L,,priced,9800.0,980000,2,"DEWEY COLAROMA DEWEY CAFÉ SENSACIONES - BIDÓN 1 L $9.800,00"
ESENCIAS,DEWEY COLAROMA DEWEY LIMÓN SENSACIONES - BIDÓN 1 L,,priced,9800.0,980000,2,"DEWEY COLAROMA DEWEY LIMÓN SENSACIONES - BIDÓN 1 L $9.800,00"
ESENCIAS,DEWEY COLAROMA DEWEY MANTECA SENSACIONES - POTE 1 L,,priced,9800.0,980000,2,"DEWEY COLAROMA DEWEY MANTECA SENSACIONES - POTE 1 L $9.800,00"
ESENCIAS,DEWEY COLAROMA DEWEY CHOCOLATE SENSACIONES - POTE 1 L,,priced,9800.0,980000,2,"DEWEY COLAROMA DEWEY CHOCOLATE SENSACIONES - POTE 1 L $9.800,00"
ESENCIAS,DEWEY COLAROMA DEWEY NARANJA SENSACIONES - BIDÓN 1 L,,priced,9800.0,980000,2,"DEWEY COLAROMA DEWEY NARANJA SENSACIONES - BIDÓN 1 L $9.800,00"
ESENCIAS,DEWEY COLAROMA DEWEY VAINILLA - BIDÓN 1 L,,sin_stock,,,2,DEWEY COLAROMA DEWEY VAINILLA - BIDÓN 1 L SIN STOCK
ESENCIAS,DEWEY COLAROMA DEWEY FRUTILLA SENSACIONES - BIDÓN 1 L,,priced,9800.0,980000,2,"DEWEY COLAROMA DEWEY FRUTILLA SENSACIONES - BIDÓN 1 L $9.800,00"
ESENCIAS,EMETH ESENCIA EMETH AROMA M - BIDÓN 5 L,,priced,10800.0,1080000,2,"EMETH ESENCIA EMETH AROMA M - BIDÓN 5 L $10.800,00"
ESENCIAS,EMETH ESENCIA EMETH AROMA M - BIDÓN 2 L,,priced,5400.0,540000,2,"EMETH ESENCIA EMETH AROMA M - BIDÓN 2 L $5.400,00"
ESENCIAS,EMETH ESENCIA EMETH VAINILLA - BIDÓN 5 L,,priced,5800.0,580000,2,"EMETH ESENCIA EMETH VAINILLA - BIDÓN 5 L $5.800,00"
ESENCIAS,EMETH ESENCIA EMETH VAINILLA - BIDÓN 2 L,,priced,3500.0,350000,2,"EMETH ESENCIA EMETH VAINILLA - BIDÓN 2 L $3.500,00"
ESENCIAS,EMETH ESENCIA EMETH AMARILLO - BIDÓN 2 L,,priced,4600.0,460000,2,"EMETH ESENCIA EMETH AMARILLO - BIDÓN 2 L $4.600,00"
ESENCIAS,EMETH ESENCIA EMETH LIMÓN - BIDÓN 2 L,,priced,4800.0,480000,2,"EMETH ESENCIA EMETH LIMÓN - BIDÓN 2 L $4.800,00"
ESENCIAS,EMETH ESENCIA EMETH ALMENDRA - BIDÓN 1 L,,priced,5100.0,510000,2,"EMETH ESENCIA EMETH ALMENDRA - BIDÓN 1 L $5.100,00"
ESENCIAS,EMETH ESENCIA EMETH AZAHAR - BIDÓN 1 L,,priced,5600.0,560000,2,"EMETH ESENCIA EMETH AZAHAR - BIDÓN 1 L $5.600,00"
ESENCIAS,EMETH ESENCIA EMETH BUDÍN - BIDÓN 1 L,,sin_stock,,,2,EMETH ESENCIA EMETH BUDÍN - BIDÓN 1 L SIN STOCK
ESENCIAS,EMETH ESENCIA EMETH COCO - BIDÓN 1 L,,priced,5000.0,500000,2,"EMETH ESENCIA EMETH COCO - BIDÓN 1 L $5.000,00"
ESENCIAS,EMETH ESENCIA EMETH NARANJA - BIDÓN 1 L,,priced,10000.0,1000000,2,"EMETH ESENCIA EMETH NARANJA - BIDÓN 1 L $10.000,00"
ESENCIAS,EMETH ESENCIA EMETH PAN DULCE - BIDÓN 1 L,,priced,5100.0,510000,2,"EMETH ESENCIA EMETH PAN DULCE - BIDÓN 1 L $5.100,00"
ESENCIAS,EMETH ESENCIA EMETH QUESO - BIDÓN 1 L,,priced,10200.0,1020000,2,"EMETH ESENCIA EMETH QUESO - BIDÓN 1 L $10.200,00"
ESENCIAS,FLEIBOR ESENCIA FLEIBOR VAINILLA - POTE 1 L,,priced,3300.0,330000,2,"FLEIBOR ESENCIA FLEIBOR VAINILLA - POTE 1 L $3.300,00"
ESENCIAS,FLEIBOR ESENCIA FLEIBOR VAINILLA - BOTELLA 110 ML,,consultar,,,2,FLEIBOR ESENCIA FLEIBOR VAINILLA - BOTELLA 110 ML consultar
ESENCIAS,FLEIBOR ESENCIA FLEIBOR AGUA DE AZAHAR - BOTELLA 30 ML,,consultar,,,2,FLEIBOR ESENCIA FLEIBOR AGUA DE AZAHAR - BOTELLA 30 ML consultar
ESENCIAS,FLEIBOR ESENCIA FLEIBOR ALMENDRAS AMARGAS - BOTELLA 30 ML,,consultar,,,2,FLEIBOR ESENCIA FLEIBOR ALMENDRAS AMARGAS - BOTELLA 30 ML consultar
ESENCIAS,FLEIBOR ESENCIA FLEIBOR LIMÓN - BOTELLA 30 ML,,consultar,,,2,FLEIBOR ESENCIA FLEIBOR LIMÓN - BOTELLA 30 ML consultar
ESENCIAS,FLEIBOR ESENCIA FLEIBOR BANANA - BOTELLA 30 ML,,consultar,,,2,FLEIBOR ESENCIA FLEIBOR BANANA - BOTELLA 30 ML consultar
ESENCIAS,FLEIBOR ESENCIA FLEIBOR FRUTILLA - BOTELLA 30 ML,,consultar,,,2,FLEIBOR ESENCIA FLEIBOR FRUTILLA - BOTELLA 30 ML consultar
ESENCIAS,FLEIBOR ESENCIA FLEIBOR LIMÓN - BOTELLA 30 ML,,consultar,,,2,FLEIBOR ESENCIA FLEIBOR LIMÓN - BOTELLA 30 ML consultar
ESENCIAS,FLEIBOR ESENCIA FLEIBOR MARRÓN - BOTELLA 30 ML,,consultar,,,2,FLEIBOR ESENCIA FLEIBOR MARRÓN - BOTELLA 30 ML consultar
ESENCIAS,FLEIBOR ESENCIA FLEIBOR NARANJA - BOTELLA 30 ML,,consultar,,,2,FLEIBOR ESENCIA FLEIBOR NARANJA - BOTELLA 30 ML consultar
ESENCIAS,FLEIBOR ESENCIA FLEIBOR MENTA - BOTELLA 30 ML,,consultar,,,2,FLEIBOR ESENCIA FLEIBOR MENTA - BOTELLA 30 ML consultar
ESENCIAS,FLEIBOR ESENCIA FLEIBOR PAN DULCE (SOLUCION) - BOTELLA 30 ML,,consultar,,,2,FLEIBOR ESENCIA FLEIBOR PAN DULCE (SOLUCION) - BOTELLA 30 ML consultar
ESENCIAS,FLEIBOR ESENCIA FLEIBOR QUESO - BOTELLA 30 ML,,consultar,,,2,FLEIBOR ESENCIA FLEIBOR QUESO - BOTELLA 30 ML consultar
COLOR Y SABOR,DRIPCOLOR COLOR Y SABOR ARCOIRIS (COLOR AMARILLO SABOR VAINILLA) COLORMIX - POTE 80 G,,consultar,,,2,DRIPCOLOR COLOR Y SABOR ARCOIRIS (COLOR AMARILLO SABOR VAINILLA) COLORMIX - POTE 80 G consultar
COLOR Y SABOR,DRIPCOLOR COLOR Y SABOR ARCOIRIS (COLOR AZUL SABOR VAINILLA) COLORMIX - POTE 80 G,,consultar,,,2,DRIPCOLOR COLOR Y SABOR ARCOIRIS (COLOR AZUL SABOR VAINILLA) COLORMIX - POTE 80 G consultar
COLOR Y SABOR,DRIPCOLOR COLOR Y SABOR ARCOIRIS (COLOR R0J0 SABOR VAINILLA) COLORMIX - POTE 80 S,,consultar,,,2,DRIPCOLOR COLOR Y SABOR ARCOIRIS (COLOR R0J0 SABOR VAINILLA) COLORMIX - POTE 80 S consultar
COLOR Y SABOR,DRIPCOLOR COLOR Y SABOR ARCOIRIS (COLOR VERDE SABOR VAINILLA) COLORMIX - POTE 80 G,,consultar,,,2,DRIPCOLOR COLOR Y SABOR ARCOIRIS (COLOR VERDE SABOR VAINILLA) COLORMIX - POTE 80 G consultar
COLOR Y SABOR,DRIPCOLOR COLOR Y SABOR BANANA COLORMIX - POTE 80 G,,consultar,,,2,DRIPCOLOR COLOR Y SABOR BANANA COLORMIX - POTE 80 G consultar
COLOR Y SABOR,DRIPCOLOR COLOR Y SABOR LIMÓN COLORMIX - POTE 80 G,,consultar,,,2,DRIPCOLOR COLOR Y SABOR LIMÓN COLORMIX - POTE 80 G consultar
COLOR Y SABOR,DRIPCOLOR COLOR Y SABOR NUEZ COLORMIX - POTE 80 G,,consultar,,,3,DRIPCOLOR COLOR Y SABOR NUEZ COLORMIX - POTE 80 G consultar
COLOR Y SABOR,DRIPCOLOR COLOR Y SABOR PISTACHO COLORMIX - POTE 80 G,,consultar,,,3,DRIPCOLOR COLOR Y SABOR PISTACHO COLORMIX - POTE 80 G consultar
COLOR Y SABOR,DRIPCOLOR COLOR Y SABOR KIT ARCOIRIS (6 COLORES SABOR VAINILLA) COLORMIX - POTE 90 G,,consultar,,,3,DRIPCOLOR COLOR Y SABOR KIT ARCOIRIS (6 COLORES SABOR VAINILLA) COLORMIX - POTE 90 G consultar
COLOR Y SABOR,DRIPCOLOR COLOR Y SABOR PARMESANO COLORMIX - POTE 60 G,,consultar,,,3,DRIPCOLOR COLOR Y SABOR PARMESANO COLORMIX - POTE 60 G consultar
COLOR Y SABOR,DRIPCOLOR COLOR Y SABOR RED VELVET COLORMIX - POTE 60 G,,priced,4900.0,490000,3,"DRIPCOLOR COLOR Y SABOR RED VELVET COLORMIX - POTE 60 G $4.900,00"
COLORANTES EN AEROSOL,WILTON COLORANTE EN AEROSOL WILTON DORADO 42 G - 1 UN,,sin_stock,,,3,WILTON COLORANTE EN AEROSOL WILTON DORADO 42 G - 1 UN SIN STOCK
COLORANTES EN AEROSOL,WILTON COLORANTE EN AEROSOL WILTON NEGRO 42 G - 1 UN,,sin_stock,,,3,WILTON COLORANTE EN AEROSOL WILTON NEGRO 42 G - 1 UN SIN STOCK
COLORANTES EN AEROSOL,WILTON COLORANTE EN AEROSOL WILTON PERLA 42 G - 1 UN,,sin_stock,,,3,WILTON COLORANTE EN AEROSOL WILTON PERLA 42 G - 1 UN SIN STOCK
COLORANTES EN AEROSOL,WILTON COLORANTE EN AEROSOL WILTON PLATEADO 42 G - 1 UN,,sin_stock,,,3,WILTON COLORANTE EN AEROSOL WILTON PLATEADO 42 G - 1 UN SIN STOCK
COLORANTES EN PASTA Y GEL,BLOCH COLORANTE BLOCH AZUL MARINO - POTE 15 G,,priced,1800.0,180000,3,"BLOCH COLORANTE BLOCH AZUL MARINO - POTE 15 G $1.800,00"
COLORANTES EN PASTA Y GEL,BLOCH COLORANTE BLOCH R0J0 - POTE 15 S,,priced,1800.0,180000,3,"BLOCH COLORANTE BLOCH R0J0 - POTE 15 S $1.800,00"
COLORANTES EN PASTA Y GEL,BLOCH COLORANTE BLOCH NEGRO - POTE 15 S,,priced,1800.0,180000,3,"BLOCH COLORANTE BLOCH NEGRO - POTE 15 S $1.800,00"
COLORANTES EN PASTA Y GEL,FLEIBOR COLORANTE EN PASTA FLEIBOR COLORES VARIOS - POTE 15 G,,priced,1800.0,180000,3,"FLEIBOR COLORANTE EN PASTA FLEIBOR COLORES VARIOS - POTE 15 G $1.800,00"
COLORANTES EN POLVO,DRIPCOLOR COLORANTE DUST COLOR (COLORES VARIOS) - FRASCO 10 ML,,consultar,,,3,DRIPCOLOR COLORANTE DUST COLOR (COLORES VARIOS) - FRASCO 10 ML consultar
COLORANTES EN POLVO,FLEIBOR COLORANTE LIPOSOLUBLE FLEIBOR FULGORADO COLORES VARIOS - POTE 3 S,,priced,4600.0,460000,3,"FLEIBOR COLORANTE LIPOSOLUBLE FLEIBOR FULGORADO COLORES VARIOS - POTE 3 S $4.600,00"
COLORANTES EN POLVO,FLEIBOR COLORANTE LIPOSOLUBLE FLEIBOR COLORES VARIOS - POTE 5 S,,consultar,,,3,FLEIBOR COLORANTE LIPOSOLUBLE FLEIBOR COLORES VARIOS - POTE 5 S consultar
COLORANTES EN POLVO,FLEIBOR COLORANTE FLEIBOR ILUMINADOR DORADO - POTE 2 G,,consultar,,,3,FLEIBOR COLORANTE FLEIBOR ILUMINADOR DORADO - POTE 2 G consultar
COLORANTES EN POLVO,FLEIBOR COLORANTE FLEIBOR ILUMINADOR NACARADO - POTE 2 G,,consultar,,,3,FLEIBOR COLORANTE FLEIBOR ILUMINADOR NACARADO - POTE 2 G consultar
COLORANTES EN POLVO,LAUACU COLORANTE LAUACU COLORES VARIOS - POTE 4 G,,consultar,,,3,LAUACU COLORANTE LAUACU COLORES VARIOS - POTE 4 G consultar
COLORANTES EN POLVO,SUNFLOWER SUGAR ART COLORANTE SUNFLOWER SUGAR ART DORADOS VARIOS - POTE 4 G,,consultar,,,3,SUNFLOWER SUGAR ART COLORANTE SUNFLOWER SUGAR ART DORADOS VARIOS - POTE 4 G consultar
COLORANTES EN POLVO,SUNFLOWER SUGAR ART COLORANTE SUNFLOWER SUGAR ART PLATEADO NU SILVER - POTE 4 G,,consultar,,,3,SUNFLOWER SUGAR ART COLORANTE SUNFLOWER SUGAR ART PLATEADO NU SILVER - POTE 4 G consultar
COLORANTES EN POLVO,WILTON COLORANTE WILTON NACARADO PEARL DUST BLANCO - POTE 3 S,,consultar,,,3,WILTON COLORANTE WILTON NACARADO PEARL DUST BLANCO - POTE 3 S consultar
COLORANTES LÍQUIDOS,BLOCH COLORANTE BLOCH DORADO - FRASCO 10 G,,consultar,,,3,BLOCH COLORANTE BLOCH DORADO - FRASCO 10 G consultar
COLORANTES LÍQUIDOS,EDIBLEART COLORANTE EDIBLEART COLORES VARIOS - FRASCO 15 ML,,consultar,,,3,EDIBLEART COLORANTE EDIBLEART COLORES VARIOS - FRASCO 15 ML consultar
COLORANTES LÍQUIDOS,EMETH COLORANTE EMETH LÍQUIDO CARAMELO - BIDÓN 5 L,,priced,10400.0,1040000,3,"EMETH COLORANTE EMETH LÍQUIDO CARAMELO - BIDÓN 5 L $10.400,00"
COLORANTES LÍQUIDOS,EMETH COLORANTE EMETH LÍQUIDO CARAMELO - BIDÓN 1 L,,priced,4000.0,400000,3,"EMETH COLORANTE EMETH LÍQUIDO CARAMELO - BIDÓN 1 L $4.000,00"
COLORANTES LÍQUIDOS,"EMETH COLORANTE EMETH AMARILLO ""S"" - BIDÓN 2 L",,priced,3700.0,370000,3,"EMETH COLORANTE EMETH AMARILLO ""S"" - BIDÓN 2 L $3.700,00"
DESHIDRATADOS,VILLARES CEBOLLA DESHIDRATADA EN ESCAMAS - BOLSA 1 KG,,priced,15000.0,1500000,3,"VILLARES CEBOLLA DESHIDRATADA EN ESCAMAS - BOLSA 1 KG $15.000,00"
DESHIDRATADOS,SIETE LAGOS CHIPS (RODAJAS) DE BANANA FRITAS AZUCARADAS A GRANEL,,priced,10500.0,1050000,3,"SIETE LAGOS CHIPS (RODAJAS) DE BANANA FRITAS AZUCARADAS A GRANEL $10.500,00"
DESHIDRATADOS,VILLARES COCO RALLADO XKG,,priced,7900.0,790000,3,"VILLARES COCO RALLADO XKG $7.900,00"
DESHIDRATADOS,VARIOS COCO RALLADO COMUN LOW FAT BOLSA X 25 KG,,priced,170000.0,17000000,3,"VARIOS COCO RALLADO COMUN LOW FAT BOLSA X 25 KG $170.000,00"
DESHIDRATADOS,VARIOS COCO RALLADO HIGH FAT BOLSA X 25 KG,,priced,247500.0,24750000,3,"VARIOS COCO RALLADO HIGH FAT BOLSA X 25 KG $247.500,00"
DESHIDRATADOS,RODRIGUEZ PRIETO COCO RALLADO HIGH FAT POR KG,,priced,9900.0,990000,3,"RODRIGUEZ PRIETO COCO RALLADO HIGH FAT POR KG $9.900,00"
ESPECIAS,DOBLE VÍA SAL ENTREFINA - BOLSA 25 KG,,priced,12000.0,1200000,3,"DOBLE VÍA SAL ENTREFINA - BOLSA 25 KG $12.000,00"
ESPECIAS,DOBLE VÍA SAL FINA - BOLSA 25 KG,,priced,12000.0,1200000,3,"DOBLE VÍA SAL FINA - BOLSA 25 KG $12.000,00"
ESPECIAS,ROCASUR ORÉGANO - BOLSA 1 KG,,priced,9000.0,900000,3,"ROCASUR ORÉGANO - BOLSA 1 KG $9.000,00"
ESPECIAS,ROCASUR PROVENZAL - BOLSA 1 KG,,priced,10000.0,1000000,3,"ROCASUR PROVENZAL - BOLSA 1 KG $10.000,00"
ESPECIAS,VARIOS ADOBO PARA PIZZA - BOLSA 1 KG,,priced,9000.0,900000,3,"VARIOS ADOBO PARA PIZZA - BOLSA 1 KG $9.000,00"
ESPECIAS,VARIOS CANELA MOLIDA - BOLSA 1 KG,,priced,15000.0,1500000,3,"VARIOS CANELA MOLIDA - BOLSA 1 KG $15.000,00"
ESPECIAS,VILLARES PIMENTÓN AHUMADO EL PEONCITO - BOLSA 1 KG,,priced,17500.0,1750000,3,"VILLARES PIMENTÓN AHUMADO EL PEONCITO - BOLSA 1 KG $17.500,00"
ESPECIAS,VARIOS CEBOLLA DESHIDRATADA X 1KG,,priced,14000.0,1400000,3,"VARIOS CEBOLLA DESHIDRATADA X 1KG $14.000,00"
SEMILLAS,EL PEONCITO MIX DE SEMILLAS EL PEONCITO - BOLSA 1 KG,,priced,5000.0,500000,3,"EL PEONCITO MIX DE SEMILLAS EL PEONCITO - BOLSA 1 KG $5.000,00"
SEMILLAS,VARIOS MIX DE SEMILLAS - BOLSA 1 KG,,priced,4500.0,450000,3,"VARIOS MIX DE SEMILLAS - BOLSA 1 KG $4.500,00"
SEMILLAS,EL PEONCITO SEMILLAS DE AMAPOLA - BOLSA 1KG,,priced,12000.0,1200000,3,"EL PEONCITO SEMILLAS DE AMAPOLA - BOLSA 1KG $12.000,00"
SEMILLAS,VARIOS SEMILLAS DE ANÍS EN GRANO - BOLSA 1 KG,,priced,11000.0,1100000,3,"VARIOS SEMILLAS DE ANÍS EN GRANO - BOLSA 1 KG $11.000,00"
SEMILLAS,VARIOS SEMILLAS DE GIRASOL PELADO - BOLSA 1 KG,,priced,3000.0,300000,3,"VARIOS SEMILLAS DE GIRASOL PELADO - BOLSA 1 KG $3.000,00"
SEMILLAS,VARIOS SEMILLAS DE LIN0 CLASIFICADO - BOLSA 1 KG,,priced,3000.0,300000,3,"VARIOS SEMILLAS DE LIN0 CLASIFICADO - BOLSA 1 KG $3.000,00"
SEMILLAS,VARIOS SEMILLAS DE SÉSAMO BLANCO - BOLSA 1 KS,,priced,8500.0,850000,3,"VARIOS SEMILLAS DE SÉSAMO BLANCO - BOLSA 1 KS $8.500,00"
SEMILLAS,VARIOS SEMILLAS DE SÉSAMO INTEGRAL - BOLSA 1 KG,,priced,4500.0,450000,3,"VARIOS SEMILLAS DE SÉSAMO INTEGRAL - BOLSA 1 KG $4.500,00"
SEMILLAS,VARIOS SEMILLAS DE LIN0 CLASIFICADO - BOLSA 5 KG,,no_price,,,3,VARIOS SEMILLAS DE LIN0 CLASIFICADO - BOLSA 5 KG -
SEMILLAS,MILLARES SEMILLAS DE CHÍA VILLARES - BOLSA 1 KG,,priced,4900.0,490000,3,"MILLARES SEMILLAS DE CHÍA VILLARES - BOLSA 1 KG $4.900,00"
SALSAS,ORESTES SALSA DE TOMATE ORESTES - BIDÓN 10 KG,,priced,8000.0,800000,3,"ORESTES SALSA DE TOMATE ORESTES - BIDÓN 10 KG $8.000,00"
FRUTAS CONFITADAS,EMETH GUINDELAS ROJAS - BALDE 5 KG,,priced,18000.0,1800000,3,"EMETH GUINDELAS ROJAS - BALDE 5 KG $18.000,00"
FRUTAS CONFITADAS,EMETH GUINDELAS VERDES - BALDE 5 KG,,priced,18000.0,1800000,3,"EMETH GUINDELAS VERDES - BALDE 5 KG $18.000,00"
FRUTAS CONFITADAS,ORIETA FRUTA ESCURRIDA ORIETA - CAJA 10 KG,,no_price,,,3,ORIETA FRUTA ESCURRIDA ORIETA - CAJA 10 KG -
FRUTAS CONFITADAS,TAXONERA CÁSCARA DE NARANJA EN TIRA CONFITADA - CAJA 10 KG,,priced,60000.0,6000000,3,"TAXONERA CÁSCARA DE NARANJA EN TIRA CONFITADA - CAJA 10 KG $60.000,00"
FRUTAS CONFITADAS,TAXONERA FRUTA ESCURRIDA TAXONERA - CAJA 10 KG,,priced,40000.0,4000000,3,"TAXONERA FRUTA ESCURRIDA TAXONERA - CAJA 10 KG $40.000,00"
FRUTAS CONFITADAS,VARIOS NARANJA EN TIRA GLACEADA - CAJA 2 KG,,no_price,,,3,VARIOS NARANJA EN TIRA GLACEADA - CAJA 2 KG -
FRUTAS CONFITADAS,TAXONERA NARANJA EN TIRA GLACEADA - CAJA 10 KG,,priced,56000.0,5600000,3,"TAXONERA NARANJA EN TIRA GLACEADA - CAJA 10 KG $56.000,00"
DERIVADOS DE FRUTAS,LODISER C0C0 RALLADO FIN0 - BOLSA 25 KG,,priced,150000.0,15000000,3,"LODISER C0C0 RALLADO FIN0 - BOLSA 25 KG $150.000,00"
DERIVADOS DE FRUTAS,LODISER C0C0 RALLADO FIN0 - FRACCIONADO POR KG,,priced,6000.0,600000,3,"LODISER C0C0 RALLADO FIN0 - FRACCIONADO POR KG $6.000,00"
PASAS DE UVA,GOLDEN SEEDLESS RAISINS PASAS DE UVA RUBIAS SIN SEMILLA SULTANINAS - CAJA 12.5 KG,,priced,70000.0,7000000,3,"GOLDEN SEEDLESS RAISINS PASAS DE UVA RUBIAS SIN SEMILLA SULTANINAS - CAJA 12.5 KG $70.000,00"
PASAS DE UVA,GOLDEN SEEDLESS RAISINS PASAS DE UVA RUBIAS SIN SEMILLA SULTANINAS - FRACCIONADO POR 1 KG,,no_price,,,3,GOLDEN SEEDLESS RAISINS PASAS DE UVA RUBIAS SIN SEMILLA SULTANINAS - FRACCIONADO POR 1 KG -
PASAS DE UVA,VARIOS PASAS DE UVA SIN SEMILLA JUMBO - 1 KG,,priced,65000.0,6500000,3,"VARIOS PASAS DE UVA SIN SEMILLA JUMBO - 1 KG $65.000,00"
PASAS DE UVA,VARIOS PASAS DE UVA SIN SEMILLA JUMBO - 1 KG economicas,,priced,53000.0,5300000,3,"VARIOS PASAS DE UVA SIN SEMILLA JUMBO - 1 KG economicas $53.000,00"
PASAS DE UVA,VARIOS PASAS DE UVA SIN SEMILLA SULTANINA - CAJA 12.5 KG,,no_price,,,4,VARIOS PASAS DE UVA SIN SEMILLA SULTANINA - CAJA 12.5 KG -
FRUTAS ENLATADAS,FRUTAS DE CURICÓ KIWIS CONFITADOS EN ALMÍBAR EN RODAJAS FRUTAS CURICÓ - LATA 3.1 KG,,no_price,,,4,FRUTAS DE CURICÓ KIWIS CONFITADOS EN ALMÍBAR EN RODAJAS FRUTAS CURICÓ - LATA 3.1 KG -
FRUTAS ENLATADAS,CURICO CEREZAS EN ALMÍBAR CURICO - LATA 3.25 KG,,priced,28000.0,2800000,4,"CURICO CEREZAS EN ALMÍBAR CURICO - LATA 3.25 KG $28.000,00"
FRUTAS ENLATADAS,SIETE LAGOS CEREZAS EN ALMÍBAR AL MARRASCHINO SIETE LAGOS - LATA 3.1 KS,,priced,21000.0,2100000,4,"SIETE LAGOS CEREZAS EN ALMÍBAR AL MARRASCHINO SIETE LAGOS - LATA 3.1 KS $21.000,00"
FRUTAS ENLATADAS,VARIOS CEREZAS CON CABO - LATA 3.1 KG,,priced,41140.0,4114000,4,"VARIOS CEREZAS CON CABO - LATA 3.1 KG $41.140,00"
FRUTAS ENLATADAS,TAXONERA HIGOS EN ALMÍBAR PARA REPOSTERÍATAXONERA - LATA 3.1 KG,,priced,18000.0,1800000,4,"TAXONERA HIGOS EN ALMÍBAR PARA REPOSTERÍATAXONERA - LATA 3.1 KG $18.000,00"
FRUTOS SECOS,VARIOS ALMENDRAS ENTERAS - FRACCIONADO POR KG,,priced,22000.0,2200000,4,"VARIOS ALMENDRAS ENTERAS - FRACCIONADO POR KG $22.000,00"
FRUTOS SECOS,VILLARES ALMENDRAS MEDIANAS - FRACCIONADO POR KG,,priced,23000.0,2300000,4,"VILLARES ALMENDRAS MEDIANAS - FRACCIONADO POR KG $23.000,00"
FRUTOS SECOS,VARIOS AVELLANAS PELADAS - FRACCIONADO POR KG,,priced,18500.0,1850000,4,"VARIOS AVELLANAS PELADAS - FRACCIONADO POR KG $18.500,00"
FRUTOS SECOS,VARIOS CASTAÑAS DE CAJÚ PARTIDAS A GRANEL - FRACCIONADO POR KG,,priced,11600.0,1160000,4,"VARIOS CASTAÑAS DE CAJÚ PARTIDAS A GRANEL - FRACCIONADO POR KG $11.600,00"
FRUTOS SECOS,VARIOS NUECES AMBAR MARIPOSA X KG,,priced,19300.0,1930000,4,"VARIOS NUECES AMBAR MARIPOSA X KG $19.300,00 $14.900,00"
FRUTOS SECOS,VARIOS NUECES MARIPOSA BLANCA EXTRALIGHT - CAJA 2 X 5 KB,,priced,206000.0,20600000,4,"VARIOS NUECES MARIPOSA BLANCA EXTRALIGHT - CAJA 2 X 5 KB $206.000,00"
FRUTOS SECOS,VARIOS NUECES MARIPOSA BLANCA EXTRALIGHT - BOLSA 5 KG,,priced,103000.0,10300000,4,"VARIOS NUECES MARIPOSA BLANCA EXTRALIGHT - BOLSA 5 KG $103.000,00"
FRUTOS SECOS,VARIOS NUECES MARIPOSA BLANCA EXTRALIGHT - FRACCIONADO POR KG,,priced,20600.0,2060000,4,"VARIOS NUECES MARIPOSA BLANCA EXTRALIGHT - FRACCIONADO POR KG $20.600,00 $17.000,00"
FRUTOS SECOS,VARIOS NUECES MARIPOSA DORADA - CAJA 2 X 5 KG,,priced,120000.0,12000000,4,"VARIOS NUECES MARIPOSA DORADA - CAJA 2 X 5 KG $120.000,00"
FRUTOS SECOS,VARIOS NUECES MARIPOSA DORADA - BOLSA 5 KG,,priced,60000.0,6000000,4,"VARIOS NUECES MARIPOSA DORADA - BOLSA 5 KG $60.000,00"
FRUTOS SECOS,VARIOS NUECES MARIPOSA DORADA - FRACCIONADO POR KG,,priced,12000.0,1200000,4,"VARIOS NUECES MARIPOSA DORADA - FRACCIONADO POR KG $12.000,00"
FRUTOS SECOS,VARIOS NUECES 1/4 DORADA - FRACCIONADO POR KG,,priced,11500.0,1150000,4,"VARIOS NUECES 1/4 DORADA - FRACCIONADO POR KG $11.500,00"
FRUTOS SECOS,VILLARES CASTAÑAS DE CAJÚ ENTERAS A GRANEL - CAJA 22.6 KG,,priced,262160.0,26216000,4,"VILLARES CASTAÑAS DE CAJÚ ENTERAS A GRANEL - CAJA 22.6 KG $262.160,00"
FRUTOS SECOS,VARIOS PISTACHOS SIN CASCARA NEUTROS X KG,,priced,50000.0,5000000,4,"VARIOS PISTACHOS SIN CASCARA NEUTROS X KG $50.000,00"
FRUTOS SECOS,VILLARES MANÍ REPELADO TOSTADO SIN SAL - FRACCIONADO POR KG,,priced,4000.0,400000,4,"VILLARES MANÍ REPELADO TOSTADO SIN SAL - FRACCIONADO POR KG $4.000,00"
FRUTOS SECOS BAÑADOS,ARGENFRUT ALMENDRAS CON CHOCOLATE CON LECHE ARGENFRUT J00.100 - BOLSA 1 KG,,no_price,,,4,ARGENFRUT ALMENDRAS CON CHOCOLATE CON LECHE ARGENFRUT J00.100 - BOLSA 1 KG -
FRUTOS SECOS BAÑADOS,ARGENFRUT CROCANTE DE MANÍ CON BAÑ0 DE CHOCOLATE ARGENFRUT 109.300 - BOLSA 1 KG,,priced,7500.0,750000,4,"ARGENFRUT CROCANTE DE MANÍ CON BAÑ0 DE CHOCOLATE ARGENFRUT 109.300 - BOLSA 1 KG $7.500,00"
FRUTOS SECOS BAÑADOS,ARGENFRUT MANÍ CON CHOCOLATE SEMIAMARGO ARGENFRUT 106001 - BOLSA 1 KG,,priced,15000.0,1500000,4,"ARGENFRUT MANÍ CON CHOCOLATE SEMIAMARGO ARGENFRUT 106001 - BOLSA 1 KG $15.000,00"
FRUTOS SECOS BAÑADOS,CHOCOLATE COLONIAL MANÍCON CHOCOLATE SEMIAMARGO CHOCOLATE COLONIAL- BOLSA 1 KS,,no_price,,,4,CHOCOLATE COLONIAL MANÍCON CHOCOLATE SEMIAMARGO CHOCOLATE COLONIAL- BOLSA 1 KS -
FRUTOS SECOS BAÑADOS,CHOCOLATES INDUSTRIALES ALMENDRAS CON CHOCOLATE CON LECHE CHOCOLATES INDUSTRIALES - CAJA 7 KG,,no_price,,,4,CHOCOLATES INDUSTRIALES ALMENDRAS CON CHOCOLATE CON LECHE CHOCOLATES INDUSTRIALES - CAJA 7 KG -
FRUTOS SECOS BAÑADOS,"CHOCOLATES INDUSTRIALES MANÍ CROCANTE ""XL"" CON COBERTURA DE LECHE CHOCOLATES INDUSTRIALES - CAJA 5 KG",,no_price,,,4,"CHOCOLATES INDUSTRIALES MANÍ CROCANTE ""XL"" CON COBERTURA DE LECHE CHOCOLATES INDUSTRIALES - CAJA 5 KG -"
HARINAS DE TRIGO,CABODI HARINA DE TRIGO CABODI 0000 - BOLSA 25 KG,,priced,22000.0,2200000,4,"CABODI HARINA DE TRIGO CABODI 0000 - BOLSA 25 KG $22.000,00"
HARINAS DE TRIGO,PEHUAJÓ HARINA DE TRIGO 000 PEHUAJÓ - BOLSA 25 KG,,priced,17200.0,1720000,4,"PEHUAJÓ HARINA DE TRIGO 000 PEHUAJÓ - BOLSA 25 KG $17.200,00"
HARINAS DE TRIGO,PEHUAJÓ HARINA DE TRIGO 0000 PEHUAJÓ - BOLSA 25 KG,,priced,21000.0,2100000,4,"PEHUAJÓ HARINA DE TRIGO 0000 PEHUAJÓ - BOLSA 25 KG $21.000,00"
HARINAS ESPECIALES,ARCOR ALMIDÓN DE MAÍZ MISKY - BOLSA 10 KG,,priced,15500.0,1550000,4,"ARCOR ALMIDÓN DE MAÍZ MISKY - BOLSA 10 KG $15.500,00"
HARINAS ESPECIALES,BUFFALO ALMIDÓN DE MAÍZ BUFFALO - BOLSA 25 KG,,priced,28000.0,2800000,4,"BUFFALO ALMIDÓN DE MAÍZ BUFFALO - BOLSA 25 KG $28.000,00"
HARINAS ESPECIALES,DEWEY ALMIDÓN DE MAÍZ - BOLSA 1 KG,,priced,2700.0,270000,4,"DEWEY ALMIDÓN DE MAÍZ - BOLSA 1 KG $2.700,00"
HARINAS ESPECIALES,DICOMERE AVENA ARROLLADA FINA DICOMERE - BOLSA 5 KG,,priced,9200.0,920000,4,"DICOMERE AVENA ARROLLADA FINA DICOMERE - BOLSA 5 KG $9.200,00"
HARINAS ESPECIALES,VARIOS FÉCULA DE MANDIOCA - BOLSA 10 KG,,priced,12000.0,1200000,4,"VARIOS FÉCULA DE MANDIOCA - BOLSA 10 KG $12.000,00"
HARINAS ESPECIALES,VARIOS HARINA DE ARROZ - BOLSA 5 KG,,priced,8000.0,800000,4,"VARIOS HARINA DE ARROZ - BOLSA 5 KG $8.000,00"
HARINAS ESPECIALES,FEMAG FÉCULA DE MANDIOCA FEMAG - BOLSA 25 KG,,priced,32000.0,3200000,4,"FEMAG FÉCULA DE MANDIOCA FEMAG - BOLSA 25 KG $32.000,00"
HARINAS ESPECIALES,MOLINO CAÑUELAS HARINA DE SALVADO CAÑUELAS - BOLSA 20 KG,,priced,12000.0,1200000,4,"MOLINO CAÑUELAS HARINA DE SALVADO CAÑUELAS - BOLSA 20 KG $12.000,00"
HARINAS ESPECIALES,MOLINO CAÑUELAS SEMOLÍN DE TRIGO - BOLSA 25 KG,,priced,24000.0,2400000,4,"MOLINO CAÑUELAS SEMOLÍN DE TRIGO - BOLSA 25 KG $24.000,00"
HARINAS ESPECIALES,MOLINO CAÑUELAS HARINA DE TRIGO INTEGRAL FINA PUREZA - BOLSA 5 KG,,priced,4500.0,450000,4,"MOLINO CAÑUELAS HARINA DE TRIGO INTEGRAL FINA PUREZA - BOLSA 5 KG $4.500,00"
HARINAS ESPECIALES,MOLINO CAÑUELAS HARINA DE TRIGO INTEGRAL FINA PUREZA - BOLSA 25 KG,,priced,22000.0,2200000,4,"MOLINO CAÑUELAS HARINA DE TRIGO INTEGRAL FINA PUREZA - BOLSA 25 KG $22.000,00"
HARINAS ESPECIALES,VILLARES HARINA DE ALMENDRA - FRACCIONADO POR KG,,priced,26000.0,2600000,4,"VILLARES HARINA DE ALMENDRA - FRACCIONADO POR KG $26.000,00"
CREMAS,LEDEVIT CREMA LEDEVIT CHANTILLY - BIDÓN 4.7 KG,,priced,33000.0,3300000,4,"LEDEVIT CREMA LEDEVIT CHANTILLY - BIDÓN 4.7 KG $33.000,00"
CREMAS,LEDEVIT CREMA LEDEVIT CHOCOLATE - BIDÓN 4.7 KS,,priced,36000.0,3600000,4,"LEDEVIT CREMA LEDEVIT CHOCOLATE - BIDÓN 4.7 KS $36.000,00"
CREMAS,LEDEVIT CREMA LEDEVIT VAINILLA - BIDÓN 4.7 KG,,priced,33000.0,3300000,4,"LEDEVIT CREMA LEDEVIT VAINILLA - BIDÓN 4.7 KG $33.000,00"
CREMAS,LEDEVIT CREMA LEDEVIT CHANTILLY - POTE 1 KG,,priced,6700.0,670000,4,"LEDEVIT CREMA LEDEVIT CHANTILLY - POTE 1 KG $6.700,00"
CREMAS,LEDEVIT CREMA LEDEVIT CHOCOLATE - POTE 1 KG,,no_price,,,4,LEDEVIT CREMA LEDEVIT CHOCOLATE - POTE 1 KG -
CREMAS,LEDEVIT CREMA LEDEVIT VAINILLA - POTE 1 KG,,priced,6700.0,670000,4,"LEDEVIT CREMA LEDEVIT VAINILLA - POTE 1 KG $6.700,00"
CREMAS,LEDEVIT CREMA LEDEVIT CHANTILLY - POTE 500 G,,priced,3900.0,390000,4,"LEDEVIT CREMA LEDEVIT CHANTILLY - POTE 500 G $3.900,00"
CREMAS,LEDEVIT CREMA LEDEVIT CHOCOLATE - POTE 500 S,,no_price,,,4,LEDEVIT CREMA LEDEVIT CHOCOLATE - POTE 500 S -
CREMAS,LEDEVIT CREMA LEDEVIT VAINILLA - POTE 500 G,,priced,3900.0,390000,4,"LEDEVIT CREMA LEDEVIT VAINILLA - POTE 500 G $3.900,00"
CREMAS,LEDEVIT CREMA LEDEVIT PARIS - BALDE 4 KG,,priced,44000.0,4400000,4,"LEDEVIT CREMA LEDEVIT PARIS - BALDE 4 KG $44.000,00"
CREMAS,LEDEVIT CREMA LEDEVIT PARIS - POTE 280 G,,priced,3300.0,330000,4,"LEDEVIT CREMA LEDEVIT PARIS - POTE 280 G $3.300,00"
CREMAS,RICHS CREMA RICHS CHANTILLY - TETRA BRIK 4 KG,,priced,23000.0,2300000,4,"RICHS CREMA RICHS CHANTILLY - TETRA BRIK 4 KG $23.000,00"
CREMAS,RICHS CREMA RICHS CHOCOLATE - TETRA BRIK 4 KG,,priced,24000.0,2400000,4,"RICHS CREMA RICHS CHOCOLATE - TETRA BRIK 4 KG $24.000,00"
CREMAS,RICHS CREMA RICHS CHANTILLY BETTERCREM - TETRA BRIK 907 G,,priced,6900.0,690000,4,"RICHS CREMA RICHS CHANTILLY BETTERCREM - TETRA BRIK 907 G $6.900,00"
CREMAS,RICHS CREMA RICHS SUPREMO - TETRA BRIK 907 G,,priced,6900.0,690000,4,"RICHS CREMA RICHS SUPREMO - TETRA BRIK 907 G $6.900,00"
DULCES DE LECHE,CASTELMAR DULCE DE LECHE REPOSTERO CASTELMAR - POTE 10 KG,,priced,31600.0,3160000,4,"CASTELMAR DULCE DE LECHE REPOSTERO CASTELMAR - POTE 10 KG $31.600,00"
DULCES DE LECHE,EL SERRANITO DULCE DE LECHE REPOSTERO EL SERRANITO - POTE 10 KG,,priced,24800.0,2480000,4,"EL SERRANITO DULCE DE LECHE REPOSTERO EL SERRANITO - POTE 10 KG $24.800,00"
DULCES DE LECHE,VACALÍN DULCE DE LECHE PANADERO VACALIN - POTE 10 KG,,priced,34500.0,3450000,4,"VACALÍN DULCE DE LECHE PANADERO VACALIN - POTE 10 KG $34.500,00"
DULCES DE LECHE,MILKEY DULCE DE LECHE REPOSTERO MILKEY - POTE 10 KG,,priced,30600.0,3060000,4,"MILKEY DULCE DE LECHE REPOSTERO MILKEY - POTE 10 KG $30.600,00"
DULCES DE LECHE,MILKEY DULCE DE LECHE ALFAJORERO MILKEY - POTE 10 KG,,priced,34000.0,3400000,4,"MILKEY DULCE DE LECHE ALFAJORERO MILKEY - POTE 10 KG $34.000,00"
DULCES DE LECHE,VACALÍN DULCE DE LECHE REPOSTERO VACALIN - POTE 4 KG,,no_price,,,4,VACALÍN DULCE DE LECHE REPOSTERO VACALIN - POTE 4 KG -
DULCES DE LECHE,MILKEY DULCE DE LECHE REPOSTERO MILKEY - POTE 4 KG,,sin_stock,,,4,MILKEY DULCE DE LECHE REPOSTERO MILKEY - POTE 4 KG SIN STOCK
DERIVADOS DE HUEVO,UNILEVER MAYONESA HELLMANN'S - CAJA 3 X 2.77 KG,,priced,35000.0,3500000,4,"UNILEVER MAYONESA HELLMANN'S - CAJA 3 X 2.77 KG $35.000,00"
DERIVADOS DE HUEVO,UNILEVER MAYONESA HELLMANN'S - SACHET 2.77 KG,,priced,12000.0,1200000,4,"UNILEVER MAYONESA HELLMANN'S - SACHET 2.77 KG $12.000,00"
LECHES EN POLVO Y CONDENSADAS,VARIOS LECHE EN POLVO - BOLSA 5 KG,,priced,34000.0,3400000,5,"VARIOS LECHE EN POLVO - BOLSA 5 KG $34.000,00 $41.000,00"
LECHES EN POLVO Y CONDENSADAS,VARIOS LECHE EN POLVO - BOLSA 25 KG,,priced,145000.0,14500000,5,"VARIOS LECHE EN POLVO - BOLSA 25 KG $145.000,00 $120.000,00"
QUESOS,MILKAUT QUESO CREMA CREMATTO - POTE 290 G,,sin_stock,,,5,MILKAUT QUESO CREMA CREMATTO - POTE 290 G SIN STOCK
QUESOS,MILKAUT QUESO CREMA CREMATTO - POTE 450 G,,sin_stock,,,5,MILKAUT QUESO CREMA CREMATTO - POTE 450 G SIN STOCK
MANTECAS,TEODORO MANTECA TEODORO - CAJA 20 KG,,priced,187500.0,18750000,5,"TEODORO MANTECA TEODORO - CAJA 20 KG $187.500,00"
MANTECAS,"TEODORO MANTECA TEODORO - PILON 2,5 KG",,priced,24000.0,2400000,5,"TEODORO MANTECA TEODORO - PILON 2,5 KG $24.000,00"
MANTECAS,LÁCTEOS SAN GOTARDO MANTECA SAN GOTARDO CALIDAD PRIMERA - CAJA 4 X 5 KG,,priced,232000.0,23200000,5,"LÁCTEOS SAN GOTARDO MANTECA SAN GOTARDO CALIDAD PRIMERA - CAJA 4 X 5 KG $232.000,00"
MANTECAS,LÁCTEOS SAN GOTARDO MANTECA SAN GOTARDO CALIDAD PRIMERA - PILÓN 5 KG,,priced,58000.0,5800000,5,"LÁCTEOS SAN GOTARDO MANTECA SAN GOTARDO CALIDAD PRIMERA - PILÓN 5 KG $58.000,00"
MANTECAS,VACALÍN MANTECA VACALÍN - ENVASE 200 G,,no_price,,,5,VACALÍN MANTECA VACALÍN - ENVASE 200 G -
ACEITES VEGETALES,CASALIVA ACEITE VEGETAL DE GIRASOL CASALIVA - BIDÓN 5 L,,priced,12000.0,1200000,5,"CASALIVA ACEITE VEGETAL DE GIRASOL CASALIVA - BIDÓN 5 L $12.000,00"
ACEITES VEGETALES,COFINA MANTECA DE CACAO - FRACCIONADO POR 1 KG,,priced,73200.0,7320000,5,"COFINA MANTECA DE CACAO - FRACCIONADO POR 1 KG $73.200,00"
GRASAS,EGRAMAR GRASA BOVINA REFINADA GUSTAGRAS - CAJA 20 KG,,priced,76000.0,7600000,5,"EGRAMAR GRASA BOVINA REFINADA GUSTAGRAS - CAJA 20 KG $76.000,00"
GRASAS,EGRAMAR OLEOMARGARINA CRISTALINA - SACHET 500 G,,priced,1500.0,150000,5,"EGRAMAR OLEOMARGARINA CRISTALINA - SACHET 500 G $1.500,00"
GRASAS,EGRAMAR OLEOMARGARINA BOVIGRAS - CAJA 20 KG,,priced,78000.0,7800000,5,"EGRAMAR OLEOMARGARINA BOVIGRAS - CAJA 20 KG $78.000,00"
GRASAS,GRABYA GRASA BOVINA GRABYA - CAJA 20 KG,,priced,69000.0,6900000,5,"GRABYA GRASA BOVINA GRABYA - CAJA 20 KG $69.000,00"
GRASAS,REFINERÍA SUDAMERICANA GRASA HURRICANE - CAJA 20 KG,,priced,69000.0,6900000,5,"REFINERÍA SUDAMERICANA GRASA HURRICANE - CAJA 20 KG $69.000,00"
GRASAS,REFINERÍA SUDAMERICANA MANTECA DE CERDO HALCÕN - SACHET,,priced,2200.0,220000,5,"REFINERÍA SUDAMERICANA MANTECA DE CERDO HALCÕN - SACHET $2.200,00"
MARGARINAS,DÁNICA MANTERINA HOJALDRE - CAJA 10 KG,,priced,46000.0,4600000,5,"DÁNICA MANTERINA HOJALDRE - CAJA 10 KG $46.000,00"
MARGARINAS,DÁNICA MANTERINA MASAS - CAJA 20 KG,,priced,89700.0,8970000,5,"DÁNICA MANTERINA MASAS - CAJA 20 KG $89.700,00 $81.600,00"
MARGARINAS,DÁNICA MANTERINA MASAS - PILÓN 5 KS,,priced,22425.0,2242500,5,"DÁNICA MANTERINA MASAS - PILÓN 5 KS $22.425,00"
MARGARINAS,DÁNICA DÁNICA MASAS - CAJA 20 KG,,sin_stock,,,5,DÁNICA DÁNICA MASAS - CAJA 20 KG SIN STOCK
MARGARINAS,EGRAMAR MARGASUAVE BATIDO - CAJA 10 KG,,priced,38300.0,3830000,5,"EGRAMAR MARGASUAVE BATIDO - CAJA 10 KG $38.300,00"
MARGARINAS,EGRAMAR MARGASUAVE HOJALDRE - CAJA 20 KG,,priced,77000.0,7700000,5,"EGRAMAR MARGASUAVE HOJALDRE - CAJA 20 KG $77.000,00"
MARGARINAS,EGRAMAR 24 DE OCTUBRE LÍNEA FINA - CAJA 20 KG,,priced,77000.0,7700000,5,"EGRAMAR 24 DE OCTUBRE LÍNEA FINA - CAJA 20 KG $77.000,00"
MARGARINAS,EGRAMAR 24 DE OCTUBRE LÍNEA FINA - PILÓN 10 KG,,priced,38500.0,3850000,5,"EGRAMAR 24 DE OCTUBRE LÍNEA FINA - PILÓN 10 KG $38.500,00"
MARGARINAS,EGRAMAR MARGOJALDRE - CAJA 2 X 10 KG,,priced,76300.0,7630000,5,"EGRAMAR MARGOJALDRE - CAJA 2 X 10 KG $76.300,00"
MARGARINAS,EGRAMAR MARGOJALDRE - PILÓN 10 KG,,priced,38150.0,3815000,5,"EGRAMAR MARGOJALDRE - PILÓN 10 KG $38.150,00"
MARGARINAS,EGRAMAR PANNA PARA HOJALDRE - CAJA 20 KG,,priced,86900.0,8690000,5,"EGRAMAR PANNA PARA HOJALDRE - CAJA 20 KG $86.900,00"
MARGARINAS,EGRAMAR PANNA PARA MASAS Y BATIDO - CAJA 20 KG,,priced,86900.0,8690000,5,"EGRAMAR PANNA PARA MASAS Y BATIDO - CAJA 20 KG $86.900,00"
MARGARINAS,EGRAMAR PANNA PARA HOJALDRE - PILÓN 5 KG,,priced,21725.0,2172500,5,"EGRAMAR PANNA PARA HOJALDRE - PILÓN 5 KG $21.725,00"
MARGARINAS,EGRAMAR PANNA PARA MASAS Y BATIDO - PILÓN 5 KG,,priced,21725.0,2172500,5,"EGRAMAR PANNA PARA MASAS Y BATIDO - PILÓN 5 KG $21.725,00"
MARGARINAS,EGRAMAR ELEVOL MASAS X 20KG,,priced,69000.0,6900000,5,"EGRAMAR ELEVOL MASAS X 20KG $69.000,00"
MARGARINAS,EGRAMAR ELEVOL HOJALDRE X 20KG,,priced,69000.0,6900000,5,"EGRAMAR ELEVOL HOJALDRE X 20KG $69.000,00"
MARGARINAS,EGRAMAR COLFREE X 20 KG,,priced,54000.0,5400000,5,"EGRAMAR COLFREE X 20 KG $54.000,00"
MARGARINAS,REFINERÍA SUDAMERICANA OLEOMASAS COMUN X 20 KG,,priced,39000.0,3900000,5,"REFINERÍA SUDAMERICANA OLEOMASAS COMUN X 20 KG $39.000,00"
MARGARINAS,REFINERÍA SUDAMERICANA OLEOMASAS PLATA (CON MANTECA) X 20 KG,,priced,39000.0,3900000,5,"REFINERÍA SUDAMERICANA OLEOMASAS PLATA (CON MANTECA) X 20 KG $39.000,00"
MARGARINAS,REFINERÍA SUDAMERICANA OLEOMASAS HOJALDRE X 20 KG,,priced,39000.0,3900000,5,"REFINERÍA SUDAMERICANA OLEOMASAS HOJALDRE X 20 KG $39.000,00"
MARGARINAS,REFINERÍA SUDAMERICANA PRIMICIA HOJALDRE - CAJA 20 KG,,priced,55000.0,5500000,5,"REFINERÍA SUDAMERICANA PRIMICIA HOJALDRE - CAJA 20 KG $55.000,00"
MARGARINAS,REFINERÍA SUDAMERICANA MARGARINA DE BATIDO HALCÓN - SACHET 0.5 KG,,sin_stock,,,5,REFINERÍA SUDAMERICANA MARGARINA DE BATIDO HALCÓN - SACHET 0.5 KG SIN STOCK
MARGARINAS,REFINERÍA SUDAMERICANA PRIMICIA TORTA 100°ó VEGETAL - CAJA 20KG,,priced,55000.0,5500000,5,"REFINERÍA SUDAMERICANA PRIMICIA TORTA 100°ó VEGETAL - CAJA 20KG $55.000,00"
PREMEZCLAS PARA PANADERÍA,KEUKEN PAN DE QUESO KEUKEN - BOLSA 1 KG,,consultar,,,5,KEUKEN PAN DE QUESO KEUKEN - BOLSA 1 KG consultar
PREMEZCLAS PARA PANADERÍA,MASTER BAKERY PAN DE QUESO MASTER BAKERY - BOLSA 5 KG,,priced,28000.0,2800000,5,"MASTER BAKERY PAN DE QUESO MASTER BAKERY - BOLSA 5 KG $28.000,00"
PREMEZCLAS PARA PANADERÍA,MOLINO CAÑUELAS PAN DE VIENA PUREZA - BOLSA 25 KG,,priced,27000.0,2700000,5,"MOLINO CAÑUELAS PAN DE VIENA PUREZA - BOLSA 25 KG $27.000,00"
PREMEZCLAS PARA PANADERÍA,MOLINO CAÑUELAS PREMEZCLA DE HARINA INTEGRAL CON SEMILLAS PUREZA - BOLSA 5 KG,,priced,7500.0,750000,5,"MOLINO CAÑUELAS PREMEZCLA DE HARINA INTEGRAL CON SEMILLAS PUREZA - BOLSA 5 KG $7.500,00"
PREMEZCLAS PARA PASTELERÍA,ALZOL GELATINA SIN SABOR ALZOL - BOLSA 1 KG,,no_price,,,5,ALZOL GELATINA SIN SABOR ALZOL - BOLSA 1 KG -
PREMEZCLAS PARA PASTELERÍA,ARGENIT PREMEZCLA DE BUDÍN ARGENIT SABOR CHOCOLATE - BOLSA 10 KG,,priced,55000.0,5500000,5,"ARGENIT PREMEZCLA DE BUDÍN ARGENIT SABOR CHOCOLATE - BOLSA 10 KG $55.000,00"
PREMEZCLAS PARA PASTELERÍA,ARGENIT PREMEZCLA DE BUDÍN ARGENIT SABOR VAINILLA - BOLSA 10 KG,,priced,42700.0,4270000,5,"ARGENIT PREMEZCLA DE BUDÍN ARGENIT SABOR VAINILLA - BOLSA 10 KG $42.700,00"
PREMEZCLAS PARA PASTELERÍA,DEWEY GELATINA SIN SABOR DEWEY - BOLSA 1 KG,,priced,18200.0,1820000,5,"DEWEY GELATINA SIN SABOR DEWEY - BOLSA 1 KG $18.200,00"
PREMEZCLAS PARA PASTELERÍA,EMETH GELATINA SIN SABOR EMETH - BOLSA 1 KG,,priced,27000.0,2700000,5,"EMETH GELATINA SIN SABOR EMETH - BOLSA 1 KG $27.000,00"
PREMEZCLAS PARA PASTELERÍA,KEUKEN PREMEZCLA DE BIZCOCHUELO DE CHOCOLATE LODISER - BOLSA 500 G,,consultar,,,5,KEUKEN PREMEZCLA DE BIZCOCHUELO DE CHOCOLATE LODISER - BOLSA 500 G consultar
PREMEZCLAS PARA PASTELERÍA,KEUKEN PREMEZCLA DE BIZCOCHUELO DE VAINILLA LODISER - BOLSA 500 G,,consultar,,,5,KEUKEN PREMEZCLA DE BIZCOCHUELO DE VAINILLA LODISER - BOLSA 500 G consultar
PREMEZCLAS PARA PASTELERÍA,KEUKEN PREMEZCLA DE BUDÍN SABOR VAINILLA LODISER - BOLSA 500 G,,consultar,,,5,KEUKEN PREMEZCLA DE BUDÍN SABOR VAINILLA LODISER - BOLSA 500 G consultar
PREMEZCLAS PARA PASTELERÍA,KEUKEN PREMEZCLA DE CUPCAKES DE CHOCOLATE LODISER - BOLSA 500 G,,consultar,,,5,KEUKEN PREMEZCLA DE CUPCAKES DE CHOCOLATE LODISER - BOLSA 500 G consultar
PREMEZCLAS PARA PASTELERÍA,KEUKEN PREMEZCLA DE CUPCAKES DE VAINILLA LODISER - BOLSA 500 G,,consultar,,,5,KEUKEN PREMEZCLA DE CUPCAKES DE VAINILLA LODISER - BOLSA 500 G consultar
PREMEZCLAS PARA PASTELERÍA,KEUKEN PREMEZCLA DE MOUSSE DE CHOCOLATE ESPECIAL TORTAS LODISER - BOLSA 800 G,,priced,12000.0,1200000,5,"KEUKEN PREMEZCLA DE MOUSSE DE CHOCOLATE ESPECIAL TORTAS LODISER - BOLSA 800 G $12.000,00"
PREMEZCLAS PARA PASTELERÍA,KEUKEN PREMEZCLA DE MOUSSE DE VAINILLA (CÕD. P0M43) LODISER - BOLSA 800 G,,priced,9800.0,980000,5,"KEUKEN PREMEZCLA DE MOUSSE DE VAINILLA (CÕD. P0M43) LODISER - BOLSA 800 G $9.800,00"
PREMEZCLAS PARA PASTELERÍA,LEDEVIT PREMEZCLA DE CREMA PASTELERA LEDEVIT - BOLSA 4 KG,,priced,32000.0,3200000,5,"LEDEVIT PREMEZCLA DE CREMA PASTELERA LEDEVIT - BOLSA 4 KG $32.000,00"
PREMEZCLAS PARA PASTELERÍA,LEDEVIT PREMEZCLA DE MERENGUE LEDEVIT - BOLSA 4 KG,,priced,28800.0,2880000,5,"LEDEVIT PREMEZCLA DE MERENGUE LEDEVIT - BOLSA 4 KG $28.800,00"
PREMEZCLAS PARA PASTELERÍA,LESAFFRE PREMEZCLA DE CREMA PASTELERA INVENTIS - BOLSA 5 KG,,priced,40000.0,4000000,5,"LESAFFRE PREMEZCLA DE CREMA PASTELERA INVENTIS - BOLSA 5 KG $40.000,00"
PREMEZCLAS PARA PASTELERÍA,MOLINO CAÑUELAS PREMEZCLA PAN DULCE PUREZA - BOLSA 5 KG,,sin_stock,,,5,MOLINO CAÑUELAS PREMEZCLA PAN DULCE PUREZA - BOLSA 5 KG SIN STOCK
PREMEZCLAS PARA PASTELERÍA,MASTER BAKERY PREMEZCLA DE MUFFIN DE CHOCOLATE MASTER BAKERY - BOLSA 10 KG,,priced,62000.0,6200000,5,"MASTER BAKERY PREMEZCLA DE MUFFIN DE CHOCOLATE MASTER BAKERY - BOLSA 10 KG $62.000,00"
PREMEZCLAS PARA PASTELERÍA,MASTER BAKERY PREMEZCLA DE MUFFIN DE VAINILLA MASTER BAKERY - BOLSA 10 KG,,priced,52500.0,5250000,5,"MASTER BAKERY PREMEZCLA DE MUFFIN DE VAINILLA MASTER BAKERY - BOLSA 10 KG $52.500,00"
PREMEZCLAS PARA PASTELERÍA,MOLINO CAÑUELAS PREMEZCLA PAN DULCE PUREZA - BOLSA 25 KG,,priced,25000.0,2500000,5,"MOLINO CAÑUELAS PREMEZCLA PAN DULCE PUREZA - BOLSA 25 KG $25.000,00"
PREMEZCLAS PARA PASTELERÍA,MOLINO CAÑUELAS PREMEZCLA PAN DE PAPAS - BOLSA 25 KG,,priced,39000.0,3900000,5,"MOLINO CAÑUELAS PREMEZCLA PAN DE PAPAS - BOLSA 25 KG $39.000,00"
PREMEZCLAS PARA PASTELERÍA,TOP CLASS PASTAS,,priced,9900.0,990000,5,"TOP CLASS PASTAS $9.900,00"
PREMEZCLAS PARA PASTELERÍA,UNILEVER MOUSSE SABOR CHOCOLATE BLANCO CARTE D'0R - BOLSA 1 KG,,consultar,,,5,UNILEVER MOUSSE SABOR CHOCOLATE BLANCO CARTE D'0R - BOLSA 1 KG consultar
PREMEZCLAS PARA PASTELERÍA,UNILEVER MOUSSE DE CHOCOLATE CARTE D'0R - BOLSA 1 KG,,consultar,,,5,UNILEVER MOUSSE DE CHOCOLATE CARTE D'0R - BOLSA 1 KG consultar
PREMEZCLAS PARA PASTELERÍA,UNILEVER TIRAMISÚ Y CHEESECAKE CARTE D'0R - BOLSA 1 KG,,priced,15000.0,1500000,5,"UNILEVER TIRAMISÚ Y CHEESECAKE CARTE D'0R - BOLSA 1 KG $15.000,00"
DULCES Y MERMELADAS,DEWEY DULCE DE BATATA DEWEY - CAJÓN 5 KG,,no_price,,,6,DEWEY DULCE DE BATATA DEWEY - CAJÓN 5 KG -
DULCES Y MERMELADAS,DEWEY DULCE DE MEMBRILLO DEWEY - CAJÓN 5 KG,,no_price,,,6,DEWEY DULCE DE MEMBRILLO DEWEY - CAJÓN 5 KG -
DULCES Y MERMELADAS,DEWEY DULCE DE BATATA DEWEY - POTE 10 KG,,no_price,,,6,DEWEY DULCE DE BATATA DEWEY - POTE 10 KG -
DULCES Y MERMELADAS,EMETH DULCE DE BATATA EMETH - CAJÓN 5 KG,,priced,9000.0,900000,6,"EMETH DULCE DE BATATA EMETH - CAJÓN 5 KG $9.000,00"
DULCES Y MERMELADAS,EMETH MERMELADA MEMBRILLO EMETH - POTE 10 KG,,priced,19800.0,1980000,6,"EMETH MERMELADA MEMBRILLO EMETH - POTE 10 KG $19.800,00"
DULCES Y MERMELADAS,EMETH DULCE DE MEMBRILLO EMETH - CAJÓN 5 KG,,priced,11500.0,1150000,6,"EMETH DULCE DE MEMBRILLO EMETH - CAJÓN 5 KG $11.500,00"
DULCES Y MERMELADAS,GHELCO MERMELADA DAMASCO 5730/2 GHELCO - LATA 5 KG,,no_price,,,6,GHELCO MERMELADA DAMASCO 5730/2 GHELCO - LATA 5 KG -
DULCES Y MERMELADAS,GHELCO MERMELADA DURAZNO 5720/2 GHELCO - LATA 5 KG,,priced,43000.0,4300000,6,"GHELCO MERMELADA DURAZNO 5720/2 GHELCO - LATA 5 KG $43.000,00"
DULCES Y MERMELADAS,GHELCO MERMELADA FRAMBUESA 5780/2 GHELCO - LATA 5 KS,,no_price,,,6,GHELCO MERMELADA FRAMBUESA 5780/2 GHELCO - LATA 5 KS -
DULCES Y MERMELADAS,GHELCO MERMELADA FRUTILLA 5710/2 GHELCO - LATA 5 KS,,priced,43000.0,4300000,6,"GHELCO MERMELADA FRUTILLA 5710/2 GHELCO - LATA 5 KS $43.000,00"
DULCES Y MERMELADAS,TAXONERA DULCE DE BATATA TAXONERA - CAJÓN 5 KG,,priced,21000.0,2100000,6,"TAXONERA DULCE DE BATATA TAXONERA - CAJÓN 5 KG $21.000,00"
DULCES Y MERMELADAS,TAXONERA MERMELADA DE BATATA TAXONERA - POTE 10 KG,,priced,38500.0,3850000,6,"TAXONERA MERMELADA DE BATATA TAXONERA - POTE 10 KG $38.500,00"
DULCES Y MERMELADAS,TAXONERA MERMELADA MEMBRILLO TAXONERA - POTE 10 KG,,priced,28000.0,2800000,6,"TAXONERA MERMELADA MEMBRILLO TAXONERA - POTE 10 KG $28.000,00"
DULCES Y MERMELADAS,TAXONERA MERMELADA MEMBRILLO TAXONERA MIX - POTE 10 KG,,priced,24000.0,2400000,6,"TAXONERA MERMELADA MEMBRILLO TAXONERA MIX - POTE 10 KG $24.000,00"
DULCES Y MERMELADAS,TAXONERA MERMELADA DAMASCO TAXONERA - BALDE 5 KG,,priced,36300.0,3630000,6,"TAXONERA MERMELADA DAMASCO TAXONERA - BALDE 5 KG $36.300,00"
DULCES Y MERMELADAS,TAXONERA MERMELADA DURAZNO TAXONERA - BALDE 5 KG,,priced,26000.0,2600000,6,"TAXONERA MERMELADA DURAZNO TAXONERA - BALDE 5 KG $26.000,00"
DULCES Y MERMELADAS,TAXONERA MERMELADA FRAMBUESA TAXONERA - BALDE 5 KG,,priced,50000.0,5000000,6,"TAXONERA MERMELADA FRAMBUESA TAXONERA - BALDE 5 KG $50.000,00"
DULCES Y MERMELADAS,TAXONERA MERMELADA FRUTILLA TAXONERA - BALDE 5 KG,,priced,26000.0,2600000,6,"TAXONERA MERMELADA FRUTILLA TAXONERA - BALDE 5 KG $26.000,00"
DULCES Y MERMELADAS,TAXONERA MERMELADA FRUTOS DEL BOSQUE TAXONERA - BALDE 5 KG,,priced,37000.0,3700000,6,"TAXONERA MERMELADA FRUTOS DEL BOSQUE TAXONERA - BALDE 5 KG $37.000,00"
DULCES Y MERMELADAS,TAXONERA MERMELADA MANZANA TAXONERA - BALDE 5 KG,,priced,22000.0,2200000,6,"TAXONERA MERMELADA MANZANA TAXONERA - BALDE 5 KG $22.000,00"
DULCES Y MERMELADAS,TAXONERA MERMELADA MANZANA TAXONERA - BALDE 10 KG,,priced,38500.0,3850000,6,"TAXONERA MERMELADA MANZANA TAXONERA - BALDE 10 KG $38.500,00"
DULCES Y MERMELADAS,TAXONERA MERMELADA MARACUYA TAXONERA - BALDE 5 KG,,priced,53000.0,5300000,6,"TAXONERA MERMELADA MARACUYA TAXONERA - BALDE 5 KG $53.000,00"
DULCES Y MERMELADAS,TAXONERA MERMELADA NARANJA TAXONERA - BALDE 5 KG,,no_price,,,6,TAXONERA MERMELADA NARANJA TAXONERA - BALDE 5 KG -
DULCES Y MERMELADAS,TAXONERA MERMELADA ARANDANOS TAXONERA - BALDE 5 KG,,priced,29000.0,2900000,6,"TAXONERA MERMELADA ARANDANOS TAXONERA - BALDE 5 KG $29.000,00"
PASTAS DE RELLENO,ÁGUILA PASTA SABOR AVELLANA NUT ÁGUILA - POTE 290 G,,consultar,,,6,ÁGUILA PASTA SABOR AVELLANA NUT ÁGUILA - POTE 290 G consultar
PASTAS DE RELLENO,ARCOR PASTA BON 0 BON - POTE 290 G,,consultar,,,6,ARCOR PASTA BON 0 BON - POTE 290 G consultar
PASTAS DE RELLENO,CAVIWA PASTA DE MANÍ CAVIWA - POTE 440 G,,consultar,,,6,CAVIWA PASTA DE MANÍ CAVIWA - POTE 440 G consultar
PASTAS DE RELLENO,GHELCO PEPYPAN BASE - ENVASE 5 KG,,priced,43000.0,4300000,6,"GHELCO PEPYPAN BASE - ENVASE 5 KG $43.000,00"
PASTAS DE RELLENO,MAPSA PASTA SABOR AVELLANA MAPSA - POTE 450 G,,consultar,,,6,MAPSA PASTA SABOR AVELLANA MAPSA - POTE 450 G consultar
PASTAS DE RELLENO,MAPSA PASTA SABOR BANANITA MAPSA - POTE 450 G,,consultar,,,6,MAPSA PASTA SABOR BANANITA MAPSA - POTE 450 G consultar
PASTAS DE RELLENO,MAPSA PASTA SABOR CHOCOLATE MAPSA - POTE 450 G,,consultar,,,6,MAPSA PASTA SABOR CHOCOLATE MAPSA - POTE 450 G consultar
PASTAS DE RELLENO,MAPSA PASTA SABOR FRUTILLA MAPSA - POTE 450 G,,consultar,,,6,MAPSA PASTA SABOR FRUTILLA MAPSA - POTE 450 G consultar
PASTAS DE RELLENO,MAPSA PASTA SABOR LIMÕN MAPSA - POTE 450 G,,consultar,,,6,MAPSA PASTA SABOR LIMÕN MAPSA - POTE 450 G consultar
PASTAS DE RELLENO,MAPSA PASTA SABOR MANÍ MAPSA - POTE 5KG,,priced,27000.0,2700000,6,"MAPSA PASTA SABOR MANÍ MAPSA - POTE 5KG $27.000,00"
PASTAS DE RELLENO,MAPSA PASTA SABOR MENTA MAPSA - POTE 450 S,,consultar,,,6,MAPSA PASTA SABOR MENTA MAPSA - POTE 450 S consultar
PASTAS DE RELLENO,MICKY PASTA DE AVELLANAS MICKY - POTE 5 KG,,priced,48000.0,4800000,6,"MICKY PASTA DE AVELLANAS MICKY - POTE 5 KG $48.000,00 $58.000,00"
PASTAS DE RELLENO,MICKY PASTA DE FRUTILLA MICKY - POTE 5 KG,,priced,25100.0,2510000,6,"MICKY PASTA DE FRUTILLA MICKY - POTE 5 KG $25.100,00"
PASTAS DE RELLENO,MICKY PRALINÉ DE MANÍ MICKY - POTE 5 KG,,consultar,,,6,MICKY PRALINÉ DE MANÍ MICKY - POTE 5 KG consultar
VARIEGATTOS,PEHUENIA VARIEGATTO PEHUENIA FRUTILLA PREMIUM - BALDE 5 KG,,priced,75000.0,7500000,6,"PEHUENIA VARIEGATTO PEHUENIA FRUTILLA PREMIUM - BALDE 5 KG $75.000,00"
VARIEGATTOS,PEHUENIA VARIEGATTO PEHUENIA FRUTOS DEL BOSQUE PREMIUM - BALDE 5 KG,,priced,95000.0,9500000,6,"PEHUENIA VARIEGATTO PEHUENIA FRUTOS DEL BOSQUE PREMIUM - BALDE 5 KG $95.000,00"
VARIEGATTOS,PEHUENIA VARIEGATTO PEHUENIA MARACUYÁ - BALDE 5 KS,,priced,75000.0,7500000,6,"PEHUENIA VARIEGATTO PEHUENIA MARACUYÁ - BALDE 5 KS $75.000,00"
ADITIVOS,ALZOL CREMOR TÃRTARO ALZOL - BOLSA 1 KG,,no_price,,,6,ALZOL CREMOR TÃRTARO ALZOL - BOLSA 1 KG -
ADITIVOS,ALZOL AGAR AGAR ALZOL - BOLSA 500 G,,no_price,,,6,ALZOL AGAR AGAR ALZOL - BOLSA 500 G -
ADITIVOS,ALZOL CARBOXIMETIL CELULOSA (CMC) ALZOL - BOLSA 500 G,,no_price,,,6,ALZOL CARBOXIMETIL CELULOSA (CMC) ALZOL - BOLSA 500 G -
ADITIVOS,ALZOL GOMA XANTICA ALZOL - BOLSA 500 G,,priced,19000.0,1900000,6,"ALZOL GOMA XANTICA ALZOL - BOLSA 500 G $19.000,00"
ADITIVOS,DÃNICA EMULDÁN - BIDÕN 10 KG,,no_price,,,6,DÃNICA EMULDÁN - BIDÕN 10 KG -
ADITIVOS,EMETH EXTRACTO DE MALTA EMETH - BALDE 5.6 KG,,priced,18000.0,1800000,6,"EMETH EXTRACTO DE MALTA EMETH - BALDE 5.6 KG $18.000,00"
ADITIVOS,DEWEY PROPIONATO DE CALCIO DEWEY - BOLSA 1 KG,,no_price,,,6,DEWEY PROPIONATO DE CALCIO DEWEY - BOLSA 1 KG -
ADITIVOS,DEWEY EXTRACTO DE MALTA DEWEY - POTE 350 G,,no_price,,,6,DEWEY EXTRACTO DE MALTA DEWEY - POTE 350 G -
ADITIVOS,EMETH POLVO PARA HORNEAR EMETH - BALDE 3 KG,,priced,17200.0,1720000,6,"EMETH POLVO PARA HORNEAR EMETH - BALDE 3 KG $17.200,00"
ADITIVOS,EMETH POLVO PARA HORNEAR EMETH - BOLSA 3 KG,,priced,14500.0,1450000,6,"EMETH POLVO PARA HORNEAR EMETH - BOLSA 3 KG $14.500,00"
ADITIVOS,EMETH ÃCIDO ACÉTICO EMETH - BIDÕN 1 L,,priced,9800.0,980000,6,"EMETH ÃCIDO ACÉTICO EMETH - BIDÕN 1 L $9.800,00"
ADITIVOS,EMETH HARINA DE MALTA - BOLSA 10 KG,,priced,13200.0,1320000,6,"EMETH HARINA DE MALTA - BOLSA 10 KG $13.200,00"
ADITIVOS,EMETH SORBATO DE POTASIO EMETH - POTE 1 L,,priced,12000.0,1200000,6,"EMETH SORBATO DE POTASIO EMETH - POTE 1 L $12.000,00"
ADITIVOS,EMETH BICARBONATO DE AMONIO EMETH - BOLSA 1 KG,,priced,5500.0,550000,6,"EMETH BICARBONATO DE AMONIO EMETH - BOLSA 1 KG $5.500,00"
ADITIVOS,DEWEY BICARBONATO DE AMONIO DEWEY - BOLSA 2 KG,,priced,11600.0,1160000,6,"DEWEY BICARBONATO DE AMONIO DEWEY - BOLSA 2 KG $11.600,00"
ADITIVOS,EMETH BICARBONATO DE SODIO EMETH - BOLSA 1KG,,priced,5500.0,550000,6,"EMETH BICARBONATO DE SODIO EMETH - BOLSA 1KG $5.500,00"
ADITIVOS,GHELCO COMPLEMENTO LÍQUIDO GHELCO - FRASCO 500 ML,,priced,6000.0,600000,6,"GHELCO COMPLEMENTO LÍQUIDO GHELCO - FRASCO 500 ML $6.000,00"
ADITIVOS,LESAFFRE MAGIMIX NARANJA - BOLSA 10 KG,,priced,37900.0,3790000,6,"LESAFFRE MAGIMIX NARANJA - BOLSA 10 KG $37.900,00"
ADITIVOS,LESAFFRE MAGIMIX R0J0 - BOLSA 10 KG,,priced,46000.0,4600000,6,"LESAFFRE MAGIMIX R0J0 - BOLSA 10 KG $46.000,00"
ADITIVOS,LESAFFRE MAGIMIX VERDE FRESCURA - BOLSA 5 KG,,priced,53000.0,5300000,6,"LESAFFRE MAGIMIX VERDE FRESCURA - BOLSA 5 KG $53.000,00"
ADITIVOS,LESAFFRE MAGIMIX C - CAJA 1 KG,,priced,12220.0,1222000,6,"LESAFFRE MAGIMIX C - CAJA 1 KG $12.220,00"
ADITIVOS,POWDER POLVO PARA HORNEAR POWDER - BALDE 3 KG,,priced,16000.0,1600000,6,"POWDER POLVO PARA HORNEAR POWDER - BALDE 3 KG $16.000,00"
ADITIVOS,POWDER POLVO PARA HORNEAR POWDER - POTE 1 KG,,priced,9000.0,900000,6,"POWDER POLVO PARA HORNEAR POWDER - POTE 1 KG $9.000,00"
ADITIVOS,POWDER POLVO PARA HORNEAR POWDER - POTE 100 G,,priced,1800.0,180000,6,"POWDER POLVO PARA HORNEAR POWDER - POTE 100 G $1.800,00"
ADITIVOS,TAXONERA EMULSIONANTE EN PASTATAXONERA - BALDE 3.75 KG,,priced,16000.0,1600000,6,"TAXONERA EMULSIONANTE EN PASTATAXONERA - BALDE 3.75 KG $16.000,00"
ADITIVOS,TAXONERA TAXOPASTRY,,priced,24000.0,2400000,6,"TAXONERA TAXOPASTRY $24.000,00"
ALCOHOL,CROTTA MOSCATO CROTTA - BOTELLA 930 ML,,no_price,,,6,CROTTA MOSCATO CROTTA - BOTELLA 930 ML -
ALCOHOL,EL ABUELO OPORTO EL ABUELO - BOTELLA 750 ML,,priced,8500.0,850000,6,"EL ABUELO OPORTO EL ABUELO - BOTELLA 750 ML $8.500,00"
ALCOHOL,LATRIESTINA MARRASCHINO LATRIESTINA - BOTELLA 950 ML,,priced,4300.0,430000,6,"LATRIESTINA MARRASCHINO LATRIESTINA - BOTELLA 950 ML $4.300,00"
ALCOHOL,LATRIESTINA RON LATRIESTINA - BOTELLA 950 ML,,priced,4300.0,430000,6,"LATRIESTINA RON LATRIESTINA - BOTELLA 950 ML $4.300,00"
ALCOHOL,PROMESA MOSCATO PROMESA - BOTELLA 750 ML,,consultar,,,7,PROMESA MOSCATO PROMESA - BOTELLA 750 ML consultar
BAÑADOS,ARGENFRUT MICRO CEREAL CON CHOCOLATE BLANCO ARSENFRUT 110.200 - BOLSA 1 KG,,priced,18500.0,1850000,7,"ARGENFRUT MICRO CEREAL CON CHOCOLATE BLANCO ARSENFRUT 110.200 - BOLSA 1 KG $18.500,00"
BAÑADOS,ARGENFRUT MICRO CEREAL CON CHOCOLATE CON LECHE ARGENFRUT 110.100 - BOLSA 1 KG,,priced,18500.0,1850000,7,"ARGENFRUT MICRO CEREAL CON CHOCOLATE CON LECHE ARGENFRUT 110.100 - BOLSA 1 KG $18.500,00"
BAÑADOS,ARGENFRUT MICRO GALLETITAS CHOCOLATE BLANCO ARGENFRUT 105.200 - BOLSA 1 KG,,priced,17000.0,1700000,7,"ARGENFRUT MICRO GALLETITAS CHOCOLATE BLANCO ARGENFRUT 105.200 - BOLSA 1 KG $17.000,00"
BAÑADOS,ARGENFRUT CEREAL CONFITE,,priced,12000.0,1200000,7,"ARGENFRUT CEREAL CONFITE $12.000,00"
BAÑADOS,ARGENFRUT GARRAPIÑADAS,,priced,8000.0,800000,7,"ARGENFRUT GARRAPIÑADAS $8.000,00"
BAÑADOS,ARGENFRUT PASAS DE UVA CON CHOCOLATE,,priced,12500.0,1250000,7,"ARGENFRUT PASAS DE UVA CON CHOCOLATE $12.500,00"
BAÑADOS,CAVIWA CROCANTE DE MANÍ CON CHOCOLATE CAVIWA - BOLSA 1 KG,,priced,7500.0,750000,7,"CAVIWA CROCANTE DE MANÍ CON CHOCOLATE CAVIWA - BOLSA 1 KG $7.500,00"
BAÑADOS,CHOCOLATE COLONIAL BOTONCITOS DE CHOCOLATE BLANCO CON DULCE DE LECHE CHOCOLATE COLONIAL - BOLSA 1 KG,,no_price,,,7,CHOCOLATE COLONIAL BOTONCITOS DE CHOCOLATE BLANCO CON DULCE DE LECHE CHOCOLATE COLONIAL - BOLSA 1 KG -
BAÑADOS,CHOCOLATES INDUSTRIALES ARÁNDANOS CON COBERTURA SEMIAMARSA CHOCOLATES INDUSTRIALES - BOLSA 500 G,,no_price,,,7,CHOCOLATES INDUSTRIALES ARÁNDANOS CON COBERTURA SEMIAMARSA CHOCOLATES INDUSTRIALES - BOLSA 500 G -
BAÑADOS,CHOCOLATES INDUSTRIALES GRANOS DE CAFÉ CON COBERTURA SEMIAMARSA CHOCOLATES INDUSTRIALES - BOLSA 500 G,,no_price,,,7,CHOCOLATES INDUSTRIALES GRANOS DE CAFÉ CON COBERTURA SEMIAMARSA CHOCOLATES INDUSTRIALES - BOLSA 500 G -
BAÑADOS,CHOCOLATES INDUSTRIALES NARANJAS CON COBERTURA DE CHOCOLATE SEMIAMARGO CHOCOLATES INDUSTRIALES - BOLSA 500 G,,no_price,,,7,CHOCOLATES INDUSTRIALES NARANJAS CON COBERTURA DE CHOCOLATE SEMIAMARGO CHOCOLATES INDUSTRIALES - BOLSA 500 G -
BAÑADOS,CHOCOLATES INDUSTRIALES ALMENDRAS CON CHOCOLATE,,priced,28000.0,2800000,7,"CHOCOLATES INDUSTRIALES ALMENDRAS CON CHOCOLATE $28.000,00"
HELADERÍA - TOPPINGS,FABBRI PREMEZCLA PARA HELADOS FABBRI LIMÓN PG - SACHET 1 KG,,no_price,,,7,FABBRI PREMEZCLA PARA HELADOS FABBRI LIMÓN PG - SACHET 1 KG -
HELADERÍA - TOPPINGS,FABBRI PREMEZCLA PARA HELADOS FABBRI MOUSSE CREAM - SACHET 1 KG,,no_price,,,7,FABBRI PREMEZCLA PARA HELADOS FABBRI MOUSSE CREAM - SACHET 1 KG -
HELADERÍA - TOPPINGS,PEHUENIA SIROPPI DE VAINILLA CAJA X 4,,priced,60000.0,6000000,7,"PEHUENIA SIROPPI DE VAINILLA CAJA X 4 $60.000,00"
HELADERÍA - TOPPINGS,PEHUENIA SIROPPI DE TOFFE CARAMEL CAJA X 4,,priced,60000.0,6000000,7,"PEHUENIA SIROPPI DE TOFFE CARAMEL CAJA X 4 $60.000,00"
HELADERÍA - TOPPINGS,PEHUENIA SIROPPI DE AVELLANA CAJA X 4,,priced,60000.0,6000000,7,"PEHUENIA SIROPPI DE AVELLANA CAJA X 4 $60.000,00"
HELADERÍA - TOPPINGS,PEHUENIA SIROPPI DE PISTACHO CAJA X 4,,priced,75000.0,7500000,7,"PEHUENIA SIROPPI DE PISTACHO CAJA X 4 $75.000,00"
HELADERÍA - TOPPINGS,PEHUENIA SMOTHIES MANGO / MARACUYA CAJA X 4,,priced,133000.0,13300000,7,"PEHUENIA SMOTHIES MANGO / MARACUYA CAJA X 4 $133.000,00"
HELADERÍA - TOPPINGS,PEHUENIA SMOTHIES FRUTOS DEL BOSQUE CAJA X 4,,priced,123000.0,12300000,7,"PEHUENIA SMOTHIES FRUTOS DEL BOSQUE CAJA X 4 $123.000,00"
HELADERÍA - TOPPINGS,GHELCO SIROPPI CHARLOT 3839/5 - P0M0 850 S,,no_price,,,7,GHELCO SIROPPI CHARLOT 3839/5 - P0M0 850 S -
HELADERÍA - TOPPINGS,GHELCO SIROPPI FRUTILLA 3820/5 - P0M0 900 G,,no_price,,,7,GHELCO SIROPPI FRUTILLA 3820/5 - P0M0 900 G -
HELADERÍA - TOPPINGS,PEHUENIA SIROPPI SABOR PISTACHO - POTE 510 G,,no_price,,,7,PEHUENIA SIROPPI SABOR PISTACHO - POTE 510 G -
HELADERÍA - TOPPINGS,PEHUENIA SIROPPI SABOR FRUTOS DEL BOSQUE PEHUENUT - POTE 510 G,,no_price,,,7,PEHUENIA SIROPPI SABOR FRUTOS DEL BOSQUE PEHUENUT - POTE 510 G -
HELADERÍA - TOPPINGS,PEHUENIA SIROPPI SABOR MARACUYÁ PEHUENUT - POTE 5J 0 G,,no_price,,,7,PEHUENIA SIROPPI SABOR MARACUYÁ PEHUENUT - POTE 5J 0 G -
HELADERÍA - TOPPINGS,PEHUENIA PISTACHA X5KG,,priced,140000.0,14000000,7,"PEHUENIA PISTACHA X5KG $140.000,00"
LEVADURA,LESAFFRE LEVADURA EN POLVO LEVEX - DISPLAY 25 SOBRES X 20 S,,priced,15000.0,1500000,7,"LESAFFRE LEVADURA EN POLVO LEVEX - DISPLAY 25 SOBRES X 20 S $15.000,00"
LEVADURA,LESAFFRE LEVADURA EN POLVO LEVEX - SOBRE 20 S,,no_price,,,7,LESAFFRE LEVADURA EN POLVO LEVEX - SOBRE 20 S -
LEVADURA,LESAFFRE LEVADURA REKORD - CAJA 20 X 500 G,,priced,57500.0,5750000,7,"LESAFFRE LEVADURA REKORD - CAJA 20 X 500 G $57.500,00"
LEVADURA,LESAFFRE LEVADURA REKORD - PAQUETE 500 S,,priced,3000.0,300000,7,"LESAFFRE LEVADURA REKORD - PAQUETE 500 S $3.000,00"
LEVADURA,LESAFFRE LEVADURA INSTANT SUCCESS 10 KG (20 X 500 GR),,priced,142000.0,14200000,7,"LESAFFRE LEVADURA INSTANT SUCCESS 10 KG (20 X 500 GR) $142.000,00"
LEVADURA,DOUBLE STAR LEVADURA SECA DOUBLE STAR 10 KG (20 X 500 GR),,priced,98000.0,9800000,7,"DOUBLE STAR LEVADURA SECA DOUBLE STAR 10 KG (20 X 500 GR) $98.000,00"
TARTELETAS,EDEMY TARTELETAS DULCES EDEMY - BANDEJA 36 UN,,consultar,,,7,EDEMY TARTELETAS DULCES EDEMY - BANDEJA 36 UN consultar
TARTELETAS,EDEMY TARTELETAS SALADAS EDEMY - BANDEJA 36 UN,,consultar,,,7,EDEMY TARTELETAS SALADAS EDEMY - BANDEJA 36 UN consultar
CROCANTES,ARGENFRUT CROCANTE DE MANÍ ARGENFRUT SABOR VAINILLA 109-200 - BOLSA 1 KG,,priced,6500.0,650000,7,"ARGENFRUT CROCANTE DE MANÍ ARGENFRUT SABOR VAINILLA 109-200 - BOLSA 1 KG $6.500,00"
CROCANTES,CAVIWA CROCANTE DE MANÍ CAVIWA SABOR ALMENDRA - BOLSA 1 KG,,priced,6500.0,650000,7,"CAVIWA CROCANTE DE MANÍ CAVIWA SABOR ALMENDRA - BOLSA 1 KG $6.500,00"
CROCANTES,CAVIWA CROCANTE DE MANÍ CAVIWA SABOR AVELLANA - BOLSA 1 KG,,priced,6500.0,650000,7,"CAVIWA CROCANTE DE MANÍ CAVIWA SABOR AVELLANA - BOLSA 1 KG $6.500,00"
CROCANTES,CAVIWA CROCANTE DE MANÍ CAVIWA SABOR NUEZ - BOLSA 1 KS,,priced,6500.0,650000,7,"CAVIWA CROCANTE DE MANÍ CAVIWA SABOR NUEZ - BOLSA 1 KS $6.500,00"
CROCANTES,CAVIWA MANÍ FILETEADO CAVIWA - BOLSA 1 KG,,priced,8000.0,800000,7,"CAVIWA MANÍ FILETEADO CAVIWA - BOLSA 1 KG $8.000,00"
CROCANTES,VARIOS MANÍ FILETEADO - CAJA 5 KG,,priced,47200.0,4720000,7,"VARIOS MANÍ FILETEADO - CAJA 5 KG $47.200,00"
"GRANAS, GRAGEAS Y SPRINKLES",DECOR MAGIC GRAGEAS DECOR MAGIC COLORES VARIOS - BOLSA 1 KG,,no_price,,,7,DECOR MAGIC GRAGEAS DECOR MAGIC COLORES VARIOS - BOLSA 1 KG -
"GRANAS, GRAGEAS Y SPRINKLES",DECOR MAGIC GRANAS DECOR MAGIC MULTICOLORES - BOLSA 1 KG,,priced,3600.0,360000,7,"DECOR MAGIC GRANAS DECOR MAGIC MULTICOLORES - BOLSA 1 KG $3.600,00"
"GRANAS, GRAGEAS Y SPRINKLES",DECOR MAGIC GRANAS DECOR MAGIC SABOR CHOCOLATE - BOLSA 1 KG,,priced,3600.0,360000,7,"DECOR MAGIC GRANAS DECOR MAGIC SABOR CHOCOLATE - BOLSA 1 KG $3.600,00"
"GRANAS, GRAGEAS Y SPRINKLES",PROIN GRANAS COLORES VARIOS - BOLSA 1 KG,,priced,3600.0,360000,7,"PROIN GRANAS COLORES VARIOS - BOLSA 1 KG $3.600,00"
"GRANAS, GRAGEAS Y SPRINKLES",DECOR MAGIC SPRINKLES - BOLSA 1 KG,,priced,9000.0,900000,7,"DECOR MAGIC SPRINKLES - BOLSA 1 KG $9.000,00"
FONDANTYPASTASCUBRETORTA,AMENTUEL S.A. PASTA BALLINA MAZAPÁN - ENVASE 500 G,,priced,3100.0,310000,7,"AMENTUEL S.A. PASTA BALLINA MAZAPÁN - ENVASE 500 G $3.100,00"
FONDANTYPASTASCUBRETORTA,AMENTUEL S.A. PASTA BALLINA PARA CUBRIR TORTAS SABOR CHOCOLATE - CAJA 3 KG,,priced,17500.0,1750000,7,"AMENTUEL S.A. PASTA BALLINA PARA CUBRIR TORTAS SABOR CHOCOLATE - CAJA 3 KG $17.500,00"
FONDANTYPASTASCUBRETORTA,AMENTUEL S.A. PASTA BALLINA PARA CUBRIR TORTAS FÕRMULA H SABOR DULCE DE LECHE - ENVASE 750 G,,no_price,,,7,AMENTUEL S.A. PASTA BALLINA PARA CUBRIR TORTAS FÕRMULA H SABOR DULCE DE LECHE - ENVASE 750 G -
FONDANTYPASTASCUBRETORTA,EMETH PASTA FONDANT EMETH - POTE 5 KG,,priced,14500.0,1450000,7,"EMETH PASTA FONDANT EMETH - POTE 5 KG $14.500,00"
FONDANTYPASTASCUBRETORTA,VARIOS PASTA FONDANT - POTE 10 KG,,priced,27000.0,2700000,7,"VARIOS PASTA FONDANT - POTE 10 KG $27.000,00"
PASTAS AMERICANAS,DECOR PASTA AMERICANA AMARILLA - SACHET 500 G,,priced,3900.0,390000,7,"DECOR PASTA AMERICANA AMARILLA - SACHET 500 G $3.900,00"
PASTAS AMERICANAS,DECOR PASTA AMERICANA AZUL - SACHET 500 G,,priced,3900.0,390000,7,"DECOR PASTA AMERICANA AZUL - SACHET 500 G $3.900,00"
PASTAS AMERICANAS,DECOR PASTA AMERICANA AZUL - SACHET 500 G,,priced,3900.0,390000,7,"DECOR PASTA AMERICANA AZUL - SACHET 500 G $3.900,00"
PASTAS AMERICANAS,DECOR PASTA AMERICANA FUCSIA - SACHET 500 G,,priced,3900.0,390000,7,"DECOR PASTA AMERICANA FUCSIA - SACHET 500 G $3.900,00"
PASTAS AMERICANAS,DECOR PASTA AMERICANA ROSA - SACHET 500 G,,priced,3900.0,390000,7,"DECOR PASTA AMERICANA ROSA - SACHET 500 G $3.900,00"
PASTAS AMERICANAS,DECOR PASTA AMERICANA VERDE CÉSPED - SACHET 500 G,,priced,3900.0,390000,7,"DECOR PASTA AMERICANA VERDE CÉSPED - SACHET 500 G $3.900,00"
PASTAS AMERICANAS,DECOR PASTA AMERICANA BLANCA - SACHET 500 S,,priced,3200.0,320000,7,"DECOR PASTA AMERICANA BLANCA - SACHET 500 S $3.200,00"
PASTAS AMERICANAS,DECOR PASTA AMERICANA NEGRA - SACHET 500 G,,priced,3900.0,390000,7,"DECOR PASTA AMERICANA NEGRA - SACHET 500 G $3.900,00"
PASTAS AMERICANAS,DECOR PASTA AMERICANA ROJA - SACHET 500 G,,priced,3900.0,390000,7,"DECOR PASTA AMERICANA ROJA - SACHET 500 G $3.900,00"
PASTAS DE GOMA/PASTILLAJE,AMENTUEL S.A. PASTA DE GOMA BALLINA COLOR BLANCO - ENVASE 500 G,,priced,3500.0,350000,7,"AMENTUEL S.A. PASTA DE GOMA BALLINA COLOR BLANCO - ENVASE 500 G $3.500,00"
PASTAS DE GOMA/PASTILLAJE,DECOR PASTA DE GOMA DECOR ROJA - SACHET 500 G,,priced,3500.0,350000,7,"DECOR PASTA DE GOMA DECOR ROJA - SACHET 500 G $3.500,00"
PASTAS DE GOMA/PASTILLAJE,DECOR PASTA DE GOMA BLANCA - SACHET 500 G,,priced,3500.0,350000,7,"DECOR PASTA DE GOMA BLANCA - SACHET 500 G $3.500,00"
PASTAS DE GOMA/PASTILLAJE,DECOR PASTA DE GOMA DECOR BLANCA - SACHET 500 G,,priced,3500.0,350000,7,"DECOR PASTA DE GOMA DECOR BLANCA - SACHET 500 G $3.500,00"
PASTAS DE GOMA/PASTILLAJE,DECOR PASTA DE GOMA DECOR NEGRA - SACHET 500 G,,priced,3500.0,350000,8,"DECOR PASTA DE GOMA DECOR NEGRA - SACHET 500 G $3.500,00"
FRATACHOS Y ESPÁTULAS,LA BOTICA FRATACHO ALISADOR CON BORDES PERFECTOS - 1 UN,,consultar,,,8,LA BOTICA FRATACHO ALISADOR CON BORDES PERFECTOS - 1 UN consultar
FRATACHOS Y ESPÁTULAS,LA BOTICA FRATACHO FLEXIBLE - SET 2 UN,,consultar,,,8,LA BOTICA FRATACHO FLEXIBLE - SET 2 UN consultar
FRATACHOS Y ESPÁTULAS,LAIMALA ESPÁTULA EN ÁNGULO 12 CM - 1 UN,,consultar,,,8,LAIMALA ESPÁTULA EN ÁNGULO 12 CM - 1 UN consultar
FRATACHOS Y ESPÁTULAS,LAIMALA ESPÁTULA EN ÁNGULO 15 CM - 1 UN,,consultar,,,8,LAIMALA ESPÁTULA EN ÁNGULO 15 CM - 1 UN consultar
FRATACHOS Y ESPÁTULAS,LAIMALA ESPÁTULA TIP0 WILTON CON MANSO - 1 UN,,consultar,,,8,LAIMALA ESPÁTULA TIP0 WILTON CON MANSO - 1 UN consultar
FRATACHOS Y ESPÁTULAS,MOLDES D.E.L. FRATACHO ALISADOR PARA PASTA 10 X 18 CM - 1 UN,,consultar,,,8,MOLDES D.E.L. FRATACHO ALISADOR PARA PASTA 10 X 18 CM - 1 UN consultar
FRATACHOS Y ESPÁTULAS,MOLDES D.E.L. FRATACHO ALISADOR PARA PASTA PUNTA REDONDA 10 X 18 CM - 1 UN,,consultar,,,8,MOLDES D.E.L. FRATACHO ALISADOR PARA PASTA PUNTA REDONDA 10 X 18 CM - 1 UN consultar
FRATACHOS Y ESPÁTULAS,NOUVELLE CUISINE ESPÁTULA DE SILICONA COLOR NARANJA - 1 UN,,consultar,,,8,NOUVELLE CUISINE ESPÁTULA DE SILICONA COLOR NARANJA - 1 UN consultar
FRATACHOS Y ESPÁTULAS,NOUVELLE CUISINE ESPÁTULA DE SILICONA COLOR VERDE MANZANA - 1 UN,,consultar,,,8,NOUVELLE CUISINE ESPÁTULA DE SILICONA COLOR VERDE MANZANA - 1 UN consultar
FRATACHOS Y ESPÁTULAS,VARIOS JUEGO ESPÁTULAS TIPO WILTON CON MANGO - 2 UN,,consultar,,,8,VARIOS JUEGO ESPÁTULAS TIPO WILTON CON MANGO - 2 UN consultar
FRATACHOS Y ESPÁTULAS,WILTON ESPÁTULA ANCHA 33 CM - 1 UN,,consultar,,,8,WILTON ESPÁTULA ANCHA 33 CM - 1 UN consultar
FRATACHOS Y ESPÁTULAS,"WILTON ESPÁTULA CON SIERRA 38,1 CM - 1 UN",,consultar,,,8,"WILTON ESPÁTULA CON SIERRA 38,1 CM - 1 UN consultar"
FRATACHOS Y ESPÁTULAS,"WILTON ESPÁTULA EN ÁNGULO 22,8 CM - 1 UN",,consultar,,,8,"WILTON ESPÁTULA EN ÁNGULO 22,8 CM - 1 UN consultar"
FRATACHOS Y ESPÁTULAS,WILTON ESPÁTULA EN ÁNGULO 33 CM - 1 UN,,consultar,,,8,WILTON ESPÁTULA EN ÁNGULO 33 CM - 1 UN consultar
FRATACHOS Y ESPÁTULAS,WILTON FRATACHO ALISADOR PARA GLASÉ - 1 UN,,consultar,,,8,WILTON FRATACHO ALISADOR PARA GLASÉ - 1 UN consultar
FRATACHOS Y ESPÁTULAS,WILTON FRATACHO PARA FONDANT - 1 UN,,consultar,,,8,WILTON FRATACHO PARA FONDANT - 1 UN consultar
MANGAS Y CUPLAS,MANGAS BB MANGAS DESCARTABLES PLÁSTICO BB LÍNEAHOGAR N° 1 - 10 UN,,priced,900.0,90000,8,"MANGAS BB MANGAS DESCARTABLES PLÁSTICO BB LÍNEAHOGAR N° 1 - 10 UN $900,00"
MANGAS Y CUPLAS,MANGAS BB MANGAS DESCARTABLES PLÁSTICO BB LÍNEAHOGAR N° 2 - 10 UN,,priced,1000.0,100000,8,"MANGAS BB MANGAS DESCARTABLES PLÁSTICO BB LÍNEAHOGAR N° 2 - 10 UN $1.000,00"
MANGAS Y CUPLAS,MANGAS BB MANGAS DESCARTABLES PLÁSTICO BB N° 0 - 10 UN,,priced,600.0,60000,8,"MANGAS BB MANGAS DESCARTABLES PLÁSTICO BB N° 0 - 10 UN $600,00"
MANGAS Y CUPLAS,MANGAS BB MANGAS DESCARTABLES PLÁSTICO BB N° 50 - 10 UN,,priced,2300.0,230000,8,"MANGAS BB MANGAS DESCARTABLES PLÁSTICO BB N° 50 - 10 UN $2.300,00"
MANGAS Y CUPLAS,MANGAS BB MANGAS DESCARTABLES PLÁSTICO BB N° 60 - 10 UN,,priced,2500.0,250000,8,"MANGAS BB MANGAS DESCARTABLES PLÁSTICO BB N° 60 - 10 UN $2.500,00"
MANGAS Y CUPLAS,PARPEN ROLLO DE MANGAS DESCARTABLES DE PLÁSTICO N° 23 - 50 UNIDADES,,priced,16400.0,1640000,8,"PARPEN ROLLO DE MANGAS DESCARTABLES DE PLÁSTICO N° 23 - 50 UNIDADES $16.400,00"
MANGAS Y CUPLAS,VARIOS MANGA DE TELA N° 50 - 1 UN,,priced,4500.0,450000,8,"VARIOS MANGA DE TELA N° 50 - 1 UN $4.500,00"
MANGAS Y CUPLAS,VARIOS MANGA DE TELA N° 60 - 1 UN,,priced,4500.0,450000,8,"VARIOS MANGA DE TELA N° 60 - 1 UN $4.500,00"
MANGAS Y CUPLAS,VARIOS MANGA DE TELA N° 70 - 1 UN,,priced,4500.0,450000,8,"VARIOS MANGA DE TELA N° 70 - 1 UN $4.500,00"
PICOS,VARIOS PIC0 CONFITERO COMÚN LISO/ CON FORMA/ RIZADO - 1 UN,,consultar,,,8,VARIOS PIC0 CONFITERO COMÚN LISO/ CON FORMA/ RIZADO - 1 UN consultar
DESCARTABLES DE ALUMINIO,ALPAC BUDINERA DESCARTABLE DE ALUMINIO 19 X 8 X 5 CM - 1 UN,,consultar,,,8,ALPAC BUDINERA DESCARTABLE DE ALUMINIO 19 X 8 X 5 CM - 1 UN consultar
DESCARTABLES DE ALUMINIO,ALPAC BUDINERA DESCARTABLE DE ALUMINIO 24 X 8 X 4 CM - 1 UN,,consultar,,,8,ALPAC BUDINERA DESCARTABLE DE ALUMINIO 24 X 8 X 4 CM - 1 UN consultar
DESCARTABLES DE ALUMINIO,ALPAC BUDINERA DESCARTABLE DE ALUMINIO 28 X 10 X 6 CM - 1 UN,,consultar,,,8,ALPAC BUDINERA DESCARTABLE DE ALUMINIO 28 X 10 X 6 CM - 1 UN consultar
DESCARTABLES DE ALUMINIO,ALUMFLEX TARTERA DE ALUMINIO DESCARTABLE REDONDA 26 CM - 1 UN,,consultar,,,8,ALUMFLEX TARTERA DE ALUMINIO DESCARTABLE REDONDA 26 CM - 1 UN consultar
DESCARTABLES DE ALUMINIO,ALUMFLEX TARTERA DE ALUMINIO DESCARTABLE REDONDA 33 CM - 1 UN,,consultar,,,8,ALUMFLEX TARTERA DE ALUMINIO DESCARTABLE REDONDA 33 CM - 1 UN consultar
DESCARTABLES DE ALUMINIO,ALUMFLEX TARTERA DE ALUMINIO DESCARTABLE REDONDA 36 CM - 1 UN,,consultar,,,8,ALUMFLEX TARTERA DE ALUMINIO DESCARTABLE REDONDA 36 CM - 1 UN consultar
DESCARTABLES DE ALUMINIO,VARIOS BUDINERA DESCARTABLE DE ALUMINIO N° 6 - 1 UN,,consultar,,,8,VARIOS BUDINERA DESCARTABLE DE ALUMINIO N° 6 - 1 UN consultar
DESCARTABLES DE ALUMINIO,VARIOS FLANERA DE ALUMINIO N° 7 - 1 UN,,consultar,,,8,VARIOS FLANERA DE ALUMINIO N° 7 - 1 UN consultar
DESCARTABLES DE ALUMINIO,VARIOS FLANERA DE ALUMINIO N° 10 - 1 UN,,consultar,,,8,VARIOS FLANERA DE ALUMINIO N° 10 - 1 UN consultar
DESCARTABLES DE ALUMINIO,VARIOS TARTERA DE ALUMINIO DESCARTABLE REDONDA 14 CM - 1 UN,,consultar,,,8,VARIOS TARTERA DE ALUMINIO DESCARTABLE REDONDA 14 CM - 1 UN consultar
DESCARTABLES DE ALUMINIO,VARIOS TARTERA DE ALUMINIO DESCARTABLE REDONDA 24 CM - 1 UN,,consultar,,,8,VARIOS TARTERA DE ALUMINIO DESCARTABLE REDONDA 24 CM - 1 UN consultar
DESCARTABLES DE ALUMINIO,VARIOS TARTERA DE ALUMINIO DESCARTABLE REDONDA 30 CM - 1 UN,,consultar,,,8,VARIOS TARTERA DE ALUMINIO DESCARTABLE REDONDA 30 CM - 1 UN consultar
BUDINERAS DESCARTABLES,"VARIOS MOLDE DESCARTABLE BUDÍN 300 G X 100 UN 18,5 X 5 X 5 CM - 1 UN",,consultar,,,8,"VARIOS MOLDE DESCARTABLE BUDÍN 300 G X 100 UN 18,5 X 5 X 5 CM - 1 UN consultar"
MOLDES DE PAN DULCE DESCARTABLES,VARIOS MOLDE PAN DULCE 100 G - 100 UN,,priced,6700.0,670000,8,"VARIOS MOLDE PAN DULCE 100 G - 100 UN $6.700,00"
MOLDES DE PAN DULCE DESCARTABLES,VARIOS MOLDE PAN DULCE 250 G LIS0 - 100 UN,,priced,6900.0,690000,8,"VARIOS MOLDE PAN DULCE 250 G LIS0 - 100 UN $6.900,00"
MOLDES DE PAN DULCE DESCARTABLES,VARIOS MOLDE PAN DULCE 500 G - 100 UN,,priced,7750.0,775000,8,"VARIOS MOLDE PAN DULCE 500 G - 100 UN $7.750,00"
MOLDES DE PAN DULCE DESCARTABLES,VARIOS MOLDE PAN DULCE 700 G - 100 UN,,priced,8500.0,850000,8,"VARIOS MOLDE PAN DULCE 700 G - 100 UN $8.500,00"
MOLDES DE PAN DULCE DESCARTABLES,VARIOS MOLDE PAN DULCE 1000 G - 100 UN,,priced,9200.0,920000,8,"VARIOS MOLDE PAN DULCE 1000 G - 100 UN $9.200,00"
MOLDES DE PAN DULCE DESCARTABLES,VARIOS MOLDE PAN DULCE 250G - 100 UN (MOTIVO NAVIDAD),,priced,19500.0,1950000,8,"VARIOS MOLDE PAN DULCE 250G - 100 UN (MOTIVO NAVIDAD) $19.500,00"
MOLDES DE PAN DULCE DESCARTABLES,VARIOS MOLDE PAN DULCE 500 G - 100 UN (MOTIVO NAVIDAD),,priced,23100.0,2310000,8,"VARIOS MOLDE PAN DULCE 500 G - 100 UN (MOTIVO NAVIDAD) $23.100,00"
PIROTINES,VARIOS PIROTÍN N° 10 - CAJA 1000 UN,,consultar,,,8,VARIOS PIROTÍN N° 10 - CAJA 1000 UN consultar
PIROTINES,VARIOS PIROTÍN N° 5 - CAJA 1000 UN,,priced,7000.0,700000,8,"VARIOS PIROTÍN N° 5 - CAJA 1000 UN $7.000,00"
OTROS ÚTILES DE PANADERÍA,VARIOS PLACA DE ACERO ANTIADHERENTE PARA CUPCAKES (12 CAVIDADES) - 1 UN,,consultar,,,8,VARIOS PLACA DE ACERO ANTIADHERENTE PARA CUPCAKES (12 CAVIDADES) - 1 UN consultar
OTROS ÚTILES DE PANADERÍA,VARIOS MOLDE ALUMINIO PARA BUDÍN N° 4 - 1 UN,,consultar,,,8,VARIOS MOLDE ALUMINIO PARA BUDÍN N° 4 - 1 UN consultar
OTROS ÚTILES DE PANADERÍA,VARIOS MOLDE ALUMINIZADO DE PAN LACTAL RECTANSULAR (20 X 10 X 10 CM) - 1 UN,,consultar,,,8,VARIOS MOLDE ALUMINIZADO DE PAN LACTAL RECTANSULAR (20 X 10 X 10 CM) - 1 UN consultar
OTROS ÚTILES DE PANADERÍA,VARIOS MOLDE ALUMINIZADO DE PAN LACTAL RECTANSULAR (24 X 10 X 10 CM) - 1 UN,,consultar,,,8,VARIOS MOLDE ALUMINIZADO DE PAN LACTAL RECTANSULAR (24 X 10 X 10 CM) - 1 UN consultar
OTROS ÚTILES DE PANADERÍA,MULTY TORTERA DE ALUMINIO N° 16 - 1 UN,,consultar,,,8,MULTY TORTERA DE ALUMINIO N° 16 - 1 UN consultar
OTROS ÚTILES DE PANADERÍA,VARIOS MOLDE HOJALATA PARA POSTRE MOTIVO AR0 N° 10 - 1 UN,,consultar,,,8,VARIOS MOLDE HOJALATA PARA POSTRE MOTIVO AR0 N° 10 - 1 UN consultar
OTROS ÚTILES DE PANADERÍA,VARIOS MOLDE HOJALATA PARA POSTRE MOTIVO CUADRADO EXTENSIBLE N°25 - 1 UN,,consultar,,,8,VARIOS MOLDE HOJALATA PARA POSTRE MOTIVO CUADRADO EXTENSIBLE N°25 - 1 UN consultar
OTROS ÚTILES DE PANADERÍA,LODISER TRANSFERS,,priced,20000.0,2000000,8,"LODISER TRANSFERS $20.000,00"
